<keymap version="1" name="Eclipse copy" parent="Eclipse">
  <action id="ActivateTerminalToolWindow">
    <keyboard-shortcut first-keystroke="alt f12" />
    <keyboard-shortcut first-keystroke="shift alt t" />
  </action>
  <action id="ChooseRunConfiguration">
    <keyboard-shortcut first-keystroke="shift alt f10" />
    <keyboard-shortcut first-keystroke="ctrl f11" />
  </action>
  <action id="Maven.ReimportProject">
    <keyboard-shortcut first-keystroke="ctrl alt u" />
  </action>
  <action id="Rerun" />
  <action id="RunToolbarRerunAction">
    <keyboard-shortcut first-keystroke="ctrl f11" />
  </action>
  <action id="ShowIntentionActions">
    <keyboard-shortcut first-keystroke="ctrl 1" />
    <keyboard-shortcut first-keystroke="alt enter" />
    <keyboard-shortcut first-keystroke="ctrl numpad1" />
  </action>
  <action id="ShowPopupMenu">
    <keyboard-shortcut first-keystroke="ctrl n" />
    <keyboard-shortcut first-keystroke="shift alt s" />
    <keyboard-shortcut first-keystroke="ctrl f10" />
  </action>
  <action id="UsageView.Rerun" />
  <action id="tasks.switch" />
</keymap>