<application>
  <component name="GeneralSettings">
    <option name="showTipsOnStartup" value="false" />
    <option name="reopenLastProject" value="false" />
    <option name="confirmExit" value="false" />
    <option name="confirmOpenNewProject2" value="-1" />
  </component>
  <component name="Registry">
    <entry key="ide.experimental.ui" value="true" source="SYSTEM" />
    <entry key="debugger.new.tool.window.layout" value="true" source="SYSTEM" />
    <entry key="terminal.new.ui" value="true" source="SYSTEM" />
    <entry key="moved.to.new.ui" value="true" source="SYSTEM" />
    <entry key="vcs.log.index.enable" value="true" source="SYSTEM" />
    <entry key="llm.rules.refresh.interval" value="10" source="MANAGER" />
    <entry key="llm.selector.config.refresh.interval" value="10" source="MANAGER" />
    <entry key="ide.balloon.shadow.size" value="0" source="SYSTEM" />
    <entry key="ide.editor.tab.selection.animation" value="true" source="SYSTEM" />
    <entry key="ide.new.editor.tabs.vertical.borders" value="true" source="SYSTEM" />
    <entry key="idea.islands.color.gradient.enabled" value="true" source="SYSTEM" />
    <entry key="ide.colorful.toolbar.gradient.radius" value="600" source="SYSTEM" />
  </component>
  <component name="StatusBar">
    <option name="widgets">
      <map>
        <entry key="CwmWireStatsWidgetFactory" value="true" />
        <entry key="Memory" value="true" />
        <entry key="VfsRefresh" value="true" />
        <entry key="git" value="true" />
      </map>
    </option>
  </component>
</application>