<application>
  <component name="LanguageInjectionConfiguration">
    <injection language="SQL" injector-id="java">
      <display-name>DateTimeTimezoneConverter.convert (sa.sahab.app.kpi)</display-name>
      <single-file value="false" />
      <place><![CDATA[psiMethod().withName("convert").withParameters("java.lang.String").definedInClass("sa.sahab.app.kpi.DateTimeTimezoneConverter")]]></place>
    </injection>
    <injection language="SQL" injector-id="java">
      <display-name>StringBuilder (java.lang)</display-name>
      <single-file value="false" />
      <place><![CDATA[psiParameter().ofMethod(0, psiMethod().withName("StringBuilder").withParameters("java.lang.String").definedInClass("java.lang.StringBuilder"))]]></place>
      <place><![CDATA[psiParameter().ofMethod(0, psiMethod().withName("append").withParameters("java.lang.String").definedInClass("java.lang.StringBuilder"))]]></place>
    </injection>
    <injection language="SQL" injector-id="java">
      <display-name>Where.clause (org.hibernate.annotations)</display-name>
      <single-file value="false" />
      <place><![CDATA[psiMethod().withName("clause").withParameters().definedInClass("org.hibernate.annotations.Where")]]></place>
    </injection>
  </component>
</application>