<application>
  <component name="ProjectJdkTable">
    <jdk version="2">
      <name value="graalvm-21" />
      <type value="JavaSDK" />
      <version value="Oracle OpenJDK version 21.0.1" />
      <homePath value="/usr/lib/jvm/graalvm-jdk-21.0.1+12.1" />
      <roots>
        <annotationsPath>
          <root type="composite">
            <root url="jar://$APPLICATION_HOME_DIR$/plugins/java/lib/resources/jdkAnnotations.jar!/" type="simple" />
          </root>
        </annotationsPath>
        <classPath>
          <root type="composite">
            <root url="jrt:///usr/lib/jvm/graalvm-jdk-21.0.1+12.1!/com.oracle.graal.graal_enterprise" type="simple" />
            <root url="jrt:///usr/lib/jvm/graalvm-jdk-21.0.1+12.1!/com.oracle.svm.enterprise.truffle" type="simple" />
            <root url="jrt:///usr/lib/jvm/graalvm-jdk-21.0.1+12.1!/com.oracle.svm.extraimage_enterprise" type="simple" />
            <root url="jrt:///usr/lib/jvm/graalvm-jdk-21.0.1+12.1!/java.base" type="simple" />
            <root url="jrt:///usr/lib/jvm/graalvm-jdk-21.0.1+12.1!/java.compiler" type="simple" />
            <root url="jrt:///usr/lib/jvm/graalvm-jdk-21.0.1+12.1!/java.datatransfer" type="simple" />
            <root url="jrt:///usr/lib/jvm/graalvm-jdk-21.0.1+12.1!/java.desktop" type="simple" />
            <root url="jrt:///usr/lib/jvm/graalvm-jdk-21.0.1+12.1!/java.instrument" type="simple" />
            <root url="jrt:///usr/lib/jvm/graalvm-jdk-21.0.1+12.1!/java.logging" type="simple" />
            <root url="jrt:///usr/lib/jvm/graalvm-jdk-21.0.1+12.1!/java.management" type="simple" />
            <root url="jrt:///usr/lib/jvm/graalvm-jdk-21.0.1+12.1!/java.management.rmi" type="simple" />
            <root url="jrt:///usr/lib/jvm/graalvm-jdk-21.0.1+12.1!/java.naming" type="simple" />
            <root url="jrt:///usr/lib/jvm/graalvm-jdk-21.0.1+12.1!/java.net.http" type="simple" />
            <root url="jrt:///usr/lib/jvm/graalvm-jdk-21.0.1+12.1!/java.prefs" type="simple" />
            <root url="jrt:///usr/lib/jvm/graalvm-jdk-21.0.1+12.1!/java.rmi" type="simple" />
            <root url="jrt:///usr/lib/jvm/graalvm-jdk-21.0.1+12.1!/java.scripting" type="simple" />
            <root url="jrt:///usr/lib/jvm/graalvm-jdk-21.0.1+12.1!/java.se" type="simple" />
            <root url="jrt:///usr/lib/jvm/graalvm-jdk-21.0.1+12.1!/java.security.jgss" type="simple" />
            <root url="jrt:///usr/lib/jvm/graalvm-jdk-21.0.1+12.1!/java.security.sasl" type="simple" />
            <root url="jrt:///usr/lib/jvm/graalvm-jdk-21.0.1+12.1!/java.smartcardio" type="simple" />
            <root url="jrt:///usr/lib/jvm/graalvm-jdk-21.0.1+12.1!/java.sql" type="simple" />
            <root url="jrt:///usr/lib/jvm/graalvm-jdk-21.0.1+12.1!/java.sql.rowset" type="simple" />
            <root url="jrt:///usr/lib/jvm/graalvm-jdk-21.0.1+12.1!/java.transaction.xa" type="simple" />
            <root url="jrt:///usr/lib/jvm/graalvm-jdk-21.0.1+12.1!/java.xml" type="simple" />
            <root url="jrt:///usr/lib/jvm/graalvm-jdk-21.0.1+12.1!/java.xml.crypto" type="simple" />
            <root url="jrt:///usr/lib/jvm/graalvm-jdk-21.0.1+12.1!/jdk.accessibility" type="simple" />
            <root url="jrt:///usr/lib/jvm/graalvm-jdk-21.0.1+12.1!/jdk.attach" type="simple" />
            <root url="jrt:///usr/lib/jvm/graalvm-jdk-21.0.1+12.1!/jdk.charsets" type="simple" />
            <root url="jrt:///usr/lib/jvm/graalvm-jdk-21.0.1+12.1!/jdk.compiler" type="simple" />
            <root url="jrt:///usr/lib/jvm/graalvm-jdk-21.0.1+12.1!/jdk.crypto.cryptoki" type="simple" />
            <root url="jrt:///usr/lib/jvm/graalvm-jdk-21.0.1+12.1!/jdk.crypto.ec" type="simple" />
            <root url="jrt:///usr/lib/jvm/graalvm-jdk-21.0.1+12.1!/jdk.dynalink" type="simple" />
            <root url="jrt:///usr/lib/jvm/graalvm-jdk-21.0.1+12.1!/jdk.editpad" type="simple" />
            <root url="jrt:///usr/lib/jvm/graalvm-jdk-21.0.1+12.1!/jdk.hotspot.agent" type="simple" />
            <root url="jrt:///usr/lib/jvm/graalvm-jdk-21.0.1+12.1!/jdk.httpserver" type="simple" />
            <root url="jrt:///usr/lib/jvm/graalvm-jdk-21.0.1+12.1!/jdk.incubator.vector" type="simple" />
            <root url="jrt:///usr/lib/jvm/graalvm-jdk-21.0.1+12.1!/jdk.internal.ed" type="simple" />
            <root url="jrt:///usr/lib/jvm/graalvm-jdk-21.0.1+12.1!/jdk.internal.jvmstat" type="simple" />
            <root url="jrt:///usr/lib/jvm/graalvm-jdk-21.0.1+12.1!/jdk.internal.le" type="simple" />
            <root url="jrt:///usr/lib/jvm/graalvm-jdk-21.0.1+12.1!/jdk.internal.opt" type="simple" />
            <root url="jrt:///usr/lib/jvm/graalvm-jdk-21.0.1+12.1!/jdk.internal.vm.ci" type="simple" />
            <root url="jrt:///usr/lib/jvm/graalvm-jdk-21.0.1+12.1!/jdk.internal.vm.compiler" type="simple" />
            <root url="jrt:///usr/lib/jvm/graalvm-jdk-21.0.1+12.1!/jdk.internal.vm.compiler.management" type="simple" />
            <root url="jrt:///usr/lib/jvm/graalvm-jdk-21.0.1+12.1!/jdk.jartool" type="simple" />
            <root url="jrt:///usr/lib/jvm/graalvm-jdk-21.0.1+12.1!/jdk.javadoc" type="simple" />
            <root url="jrt:///usr/lib/jvm/graalvm-jdk-21.0.1+12.1!/jdk.jcmd" type="simple" />
            <root url="jrt:///usr/lib/jvm/graalvm-jdk-21.0.1+12.1!/jdk.jconsole" type="simple" />
            <root url="jrt:///usr/lib/jvm/graalvm-jdk-21.0.1+12.1!/jdk.jdeps" type="simple" />
            <root url="jrt:///usr/lib/jvm/graalvm-jdk-21.0.1+12.1!/jdk.jdi" type="simple" />
            <root url="jrt:///usr/lib/jvm/graalvm-jdk-21.0.1+12.1!/jdk.jdwp.agent" type="simple" />
            <root url="jrt:///usr/lib/jvm/graalvm-jdk-21.0.1+12.1!/jdk.jfr" type="simple" />
            <root url="jrt:///usr/lib/jvm/graalvm-jdk-21.0.1+12.1!/jdk.jlink" type="simple" />
            <root url="jrt:///usr/lib/jvm/graalvm-jdk-21.0.1+12.1!/jdk.jpackage" type="simple" />
            <root url="jrt:///usr/lib/jvm/graalvm-jdk-21.0.1+12.1!/jdk.jshell" type="simple" />
            <root url="jrt:///usr/lib/jvm/graalvm-jdk-21.0.1+12.1!/jdk.jsobject" type="simple" />
            <root url="jrt:///usr/lib/jvm/graalvm-jdk-21.0.1+12.1!/jdk.jstatd" type="simple" />
            <root url="jrt:///usr/lib/jvm/graalvm-jdk-21.0.1+12.1!/jdk.localedata" type="simple" />
            <root url="jrt:///usr/lib/jvm/graalvm-jdk-21.0.1+12.1!/jdk.management" type="simple" />
            <root url="jrt:///usr/lib/jvm/graalvm-jdk-21.0.1+12.1!/jdk.management.agent" type="simple" />
            <root url="jrt:///usr/lib/jvm/graalvm-jdk-21.0.1+12.1!/jdk.management.jfr" type="simple" />
            <root url="jrt:///usr/lib/jvm/graalvm-jdk-21.0.1+12.1!/jdk.naming.dns" type="simple" />
            <root url="jrt:///usr/lib/jvm/graalvm-jdk-21.0.1+12.1!/jdk.naming.rmi" type="simple" />
            <root url="jrt:///usr/lib/jvm/graalvm-jdk-21.0.1+12.1!/jdk.net" type="simple" />
            <root url="jrt:///usr/lib/jvm/graalvm-jdk-21.0.1+12.1!/jdk.nio.mapmode" type="simple" />
            <root url="jrt:///usr/lib/jvm/graalvm-jdk-21.0.1+12.1!/jdk.random" type="simple" />
            <root url="jrt:///usr/lib/jvm/graalvm-jdk-21.0.1+12.1!/jdk.sctp" type="simple" />
            <root url="jrt:///usr/lib/jvm/graalvm-jdk-21.0.1+12.1!/jdk.security.auth" type="simple" />
            <root url="jrt:///usr/lib/jvm/graalvm-jdk-21.0.1+12.1!/jdk.security.jgss" type="simple" />
            <root url="jrt:///usr/lib/jvm/graalvm-jdk-21.0.1+12.1!/jdk.unsupported" type="simple" />
            <root url="jrt:///usr/lib/jvm/graalvm-jdk-21.0.1+12.1!/jdk.unsupported.desktop" type="simple" />
            <root url="jrt:///usr/lib/jvm/graalvm-jdk-21.0.1+12.1!/jdk.xml.dom" type="simple" />
            <root url="jrt:///usr/lib/jvm/graalvm-jdk-21.0.1+12.1!/jdk.zipfs" type="simple" />
            <root url="jrt:///usr/lib/jvm/graalvm-jdk-21.0.1+12.1!/org.graalvm.collections" type="simple" />
            <root url="jrt:///usr/lib/jvm/graalvm-jdk-21.0.1+12.1!/org.graalvm.extraimage.builder" type="simple" />
            <root url="jrt:///usr/lib/jvm/graalvm-jdk-21.0.1+12.1!/org.graalvm.nativeimage" type="simple" />
            <root url="jrt:///usr/lib/jvm/graalvm-jdk-21.0.1+12.1!/org.graalvm.truffle.compiler" type="simple" />
            <root url="jrt:///usr/lib/jvm/graalvm-jdk-21.0.1+12.1!/org.graalvm.word" type="simple" />
          </root>
        </classPath>
        <javadocPath>
          <root type="composite" />
        </javadocPath>
        <sourcePath>
          <root type="composite">
            <root url="jar:///usr/lib/jvm/graalvm-jdk-21.0.1+12.1/lib/src.zip!/java.se" type="simple" />
            <root url="jar:///usr/lib/jvm/graalvm-jdk-21.0.1+12.1/lib/src.zip!/jdk.jdi" type="simple" />
            <root url="jar:///usr/lib/jvm/graalvm-jdk-21.0.1+12.1/lib/src.zip!/jdk.jfr" type="simple" />
            <root url="jar:///usr/lib/jvm/graalvm-jdk-21.0.1+12.1/lib/src.zip!/jdk.net" type="simple" />
            <root url="jar:///usr/lib/jvm/graalvm-jdk-21.0.1+12.1/lib/src.zip!/java.rmi" type="simple" />
            <root url="jar:///usr/lib/jvm/graalvm-jdk-21.0.1+12.1/lib/src.zip!/java.sql" type="simple" />
            <root url="jar:///usr/lib/jvm/graalvm-jdk-21.0.1+12.1/lib/src.zip!/java.xml" type="simple" />
            <root url="jar:///usr/lib/jvm/graalvm-jdk-21.0.1+12.1/lib/src.zip!/jdk.jcmd" type="simple" />
            <root url="jar:///usr/lib/jvm/graalvm-jdk-21.0.1+12.1/lib/src.zip!/jdk.sctp" type="simple" />
            <root url="jar:///usr/lib/jvm/graalvm-jdk-21.0.1+12.1/lib/src.zip!/java.base" type="simple" />
            <root url="jar:///usr/lib/jvm/graalvm-jdk-21.0.1+12.1/lib/src.zip!/jdk.jdeps" type="simple" />
            <root url="jar:///usr/lib/jvm/graalvm-jdk-21.0.1+12.1/lib/src.zip!/jdk.jlink" type="simple" />
            <root url="jar:///usr/lib/jvm/graalvm-jdk-21.0.1+12.1/lib/src.zip!/jdk.zipfs" type="simple" />
            <root url="jar:///usr/lib/jvm/graalvm-jdk-21.0.1+12.1/lib/src.zip!/java.prefs" type="simple" />
            <root url="jar:///usr/lib/jvm/graalvm-jdk-21.0.1+12.1/lib/src.zip!/jdk.attach" type="simple" />
            <root url="jar:///usr/lib/jvm/graalvm-jdk-21.0.1+12.1/lib/src.zip!/jdk.jshell" type="simple" />
            <root url="jar:///usr/lib/jvm/graalvm-jdk-21.0.1+12.1/lib/src.zip!/jdk.jstatd" type="simple" />
            <root url="jar:///usr/lib/jvm/graalvm-jdk-21.0.1+12.1/lib/src.zip!/jdk.random" type="simple" />
            <root url="jar:///usr/lib/jvm/graalvm-jdk-21.0.1+12.1/lib/src.zip!/java.naming" type="simple" />
            <root url="jar:///usr/lib/jvm/graalvm-jdk-21.0.1+12.1/lib/src.zip!/jdk.editpad" type="simple" />
            <root url="jar:///usr/lib/jvm/graalvm-jdk-21.0.1+12.1/lib/src.zip!/jdk.jartool" type="simple" />
            <root url="jar:///usr/lib/jvm/graalvm-jdk-21.0.1+12.1/lib/src.zip!/jdk.javadoc" type="simple" />
            <root url="jar:///usr/lib/jvm/graalvm-jdk-21.0.1+12.1/lib/src.zip!/jdk.xml.dom" type="simple" />
            <root url="jar:///usr/lib/jvm/graalvm-jdk-21.0.1+12.1/lib/src.zip!/java.desktop" type="simple" />
            <root url="jar:///usr/lib/jvm/graalvm-jdk-21.0.1+12.1/lib/src.zip!/java.logging" type="simple" />
            <root url="jar:///usr/lib/jvm/graalvm-jdk-21.0.1+12.1/lib/src.zip!/jdk.charsets" type="simple" />
            <root url="jar:///usr/lib/jvm/graalvm-jdk-21.0.1+12.1/lib/src.zip!/jdk.compiler" type="simple" />
            <root url="jar:///usr/lib/jvm/graalvm-jdk-21.0.1+12.1/lib/src.zip!/jdk.dynalink" type="simple" />
            <root url="jar:///usr/lib/jvm/graalvm-jdk-21.0.1+12.1/lib/src.zip!/jdk.jconsole" type="simple" />
            <root url="jar:///usr/lib/jvm/graalvm-jdk-21.0.1+12.1/lib/src.zip!/jdk.jpackage" type="simple" />
            <root url="jar:///usr/lib/jvm/graalvm-jdk-21.0.1+12.1/lib/src.zip!/jdk.jsobject" type="simple" />
            <root url="jar:///usr/lib/jvm/graalvm-jdk-21.0.1+12.1/lib/src.zip!/java.compiler" type="simple" />
            <root url="jar:///usr/lib/jvm/graalvm-jdk-21.0.1+12.1/lib/src.zip!/java.net.http" type="simple" />
            <root url="jar:///usr/lib/jvm/graalvm-jdk-21.0.1+12.1/lib/src.zip!/jdk.crypto.ec" type="simple" />
            <root url="jar:///usr/lib/jvm/graalvm-jdk-21.0.1+12.1/lib/src.zip!/java.scripting" type="simple" />
            <root url="jar:///usr/lib/jvm/graalvm-jdk-21.0.1+12.1/lib/src.zip!/jdk.httpserver" type="simple" />
            <root url="jar:///usr/lib/jvm/graalvm-jdk-21.0.1+12.1/lib/src.zip!/jdk.jdwp.agent" type="simple" />
            <root url="jar:///usr/lib/jvm/graalvm-jdk-21.0.1+12.1/lib/src.zip!/jdk.localedata" type="simple" />
            <root url="jar:///usr/lib/jvm/graalvm-jdk-21.0.1+12.1/lib/src.zip!/jdk.management" type="simple" />
            <root url="jar:///usr/lib/jvm/graalvm-jdk-21.0.1+12.1/lib/src.zip!/jdk.naming.dns" type="simple" />
            <root url="jar:///usr/lib/jvm/graalvm-jdk-21.0.1+12.1/lib/src.zip!/jdk.naming.rmi" type="simple" />
            <root url="jar:///usr/lib/jvm/graalvm-jdk-21.0.1+12.1/lib/src.zip!/java.instrument" type="simple" />
            <root url="jar:///usr/lib/jvm/graalvm-jdk-21.0.1+12.1/lib/src.zip!/java.management" type="simple" />
            <root url="jar:///usr/lib/jvm/graalvm-jdk-21.0.1+12.1/lib/src.zip!/java.sql.rowset" type="simple" />
            <root url="jar:///usr/lib/jvm/graalvm-jdk-21.0.1+12.1/lib/src.zip!/java.xml.crypto" type="simple" />
            <root url="jar:///usr/lib/jvm/graalvm-jdk-21.0.1+12.1/lib/src.zip!/jdk.internal.ed" type="simple" />
            <root url="jar:///usr/lib/jvm/graalvm-jdk-21.0.1+12.1/lib/src.zip!/jdk.internal.le" type="simple" />
            <root url="jar:///usr/lib/jvm/graalvm-jdk-21.0.1+12.1/lib/src.zip!/jdk.nio.mapmode" type="simple" />
            <root url="jar:///usr/lib/jvm/graalvm-jdk-21.0.1+12.1/lib/src.zip!/jdk.unsupported" type="simple" />
            <root url="jar:///usr/lib/jvm/graalvm-jdk-21.0.1+12.1/lib/src.zip!/java.smartcardio" type="simple" />
            <root url="jar:///usr/lib/jvm/graalvm-jdk-21.0.1+12.1/lib/src.zip!/jdk.internal.opt" type="simple" />
            <root url="jar:///usr/lib/jvm/graalvm-jdk-21.0.1+12.1/lib/src.zip!/org.graalvm.word" type="simple" />
            <root url="jar:///usr/lib/jvm/graalvm-jdk-21.0.1+12.1/lib/src.zip!/java.datatransfer" type="simple" />
            <root url="jar:///usr/lib/jvm/graalvm-jdk-21.0.1+12.1/lib/src.zip!/jdk.accessibility" type="simple" />
            <root url="jar:///usr/lib/jvm/graalvm-jdk-21.0.1+12.1/lib/src.zip!/jdk.hotspot.agent" type="simple" />
            <root url="jar:///usr/lib/jvm/graalvm-jdk-21.0.1+12.1/lib/src.zip!/jdk.security.auth" type="simple" />
            <root url="jar:///usr/lib/jvm/graalvm-jdk-21.0.1+12.1/lib/src.zip!/jdk.security.jgss" type="simple" />
            <root url="jar:///usr/lib/jvm/graalvm-jdk-21.0.1+12.1/lib/src.zip!/java.security.jgss" type="simple" />
            <root url="jar:///usr/lib/jvm/graalvm-jdk-21.0.1+12.1/lib/src.zip!/java.security.sasl" type="simple" />
            <root url="jar:///usr/lib/jvm/graalvm-jdk-21.0.1+12.1/lib/src.zip!/jdk.internal.vm.ci" type="simple" />
            <root url="jar:///usr/lib/jvm/graalvm-jdk-21.0.1+12.1/lib/src.zip!/jdk.management.jfr" type="simple" />
            <root url="jar:///usr/lib/jvm/graalvm-jdk-21.0.1+12.1/lib/src.zip!/java.management.rmi" type="simple" />
            <root url="jar:///usr/lib/jvm/graalvm-jdk-21.0.1+12.1/lib/src.zip!/java.transaction.xa" type="simple" />
            <root url="jar:///usr/lib/jvm/graalvm-jdk-21.0.1+12.1/lib/src.zip!/jdk.crypto.cryptoki" type="simple" />
            <root url="jar:///usr/lib/jvm/graalvm-jdk-21.0.1+12.1/lib/src.zip!/jdk.incubator.vector" type="simple" />
            <root url="jar:///usr/lib/jvm/graalvm-jdk-21.0.1+12.1/lib/src.zip!/jdk.internal.jvmstat" type="simple" />
            <root url="jar:///usr/lib/jvm/graalvm-jdk-21.0.1+12.1/lib/src.zip!/jdk.management.agent" type="simple" />
            <root url="jar:///usr/lib/jvm/graalvm-jdk-21.0.1+12.1/lib/src.zip!/jdk.unsupported.desktop" type="simple" />
            <root url="jar:///usr/lib/jvm/graalvm-jdk-21.0.1+12.1/lib/src.zip!/org.graalvm.collections" type="simple" />
            <root url="jar:///usr/lib/jvm/graalvm-jdk-21.0.1+12.1/lib/src.zip!/org.graalvm.nativeimage" type="simple" />
            <root url="jar:///usr/lib/jvm/graalvm-jdk-21.0.1+12.1/lib/src.zip!/jdk.internal.vm.compiler" type="simple" />
            <root url="jar:///usr/lib/jvm/graalvm-jdk-21.0.1+12.1/lib/src.zip!/org.graalvm.truffle.compiler" type="simple" />
            <root url="jar:///usr/lib/jvm/graalvm-jdk-21.0.1+12.1/lib/src.zip!/org.graalvm.extraimage.builder" type="simple" />
            <root url="jar:///usr/lib/jvm/graalvm-jdk-21.0.1+12.1/lib/src.zip!/com.oracle.graal.graal_enterprise" type="simple" />
            <root url="jar:///usr/lib/jvm/graalvm-jdk-21.0.1+12.1/lib/src.zip!/com.oracle.svm.enterprise.truffle" type="simple" />
            <root url="jar:///usr/lib/jvm/graalvm-jdk-21.0.1+12.1/lib/src.zip!/jdk.internal.vm.compiler.management" type="simple" />
            <root url="jar:///usr/lib/jvm/graalvm-jdk-21.0.1+12.1/lib/src.zip!/com.oracle.svm.extraimage_enterprise" type="simple" />
          </root>
        </sourcePath>
      </roots>
      <additional />
    </jdk>
    <jdk version="2">
      <name value="graalvm-17" />
      <type value="JavaSDK" />
      <version value="Oracle OpenJDK version 17.0.9" />
      <homePath value="/usr/lib/jvm/graalvm-jdk-17.0.9+11.1" />
      <roots>
        <annotationsPath>
          <root type="composite">
            <root url="jar://$APPLICATION_HOME_DIR$/plugins/java/lib/resources/jdkAnnotations.jar!/" type="simple" />
          </root>
        </annotationsPath>
        <classPath>
          <root type="composite">
            <root url="jrt:///usr/lib/jvm/graalvm-jdk-17.0.9+11.1!/com.oracle.graal.graal_enterprise" type="simple" />
            <root url="jrt:///usr/lib/jvm/graalvm-jdk-17.0.9+11.1!/com.oracle.svm.extraimage_enterprise" type="simple" />
            <root url="jrt:///usr/lib/jvm/graalvm-jdk-17.0.9+11.1!/java.base" type="simple" />
            <root url="jrt:///usr/lib/jvm/graalvm-jdk-17.0.9+11.1!/java.compiler" type="simple" />
            <root url="jrt:///usr/lib/jvm/graalvm-jdk-17.0.9+11.1!/java.datatransfer" type="simple" />
            <root url="jrt:///usr/lib/jvm/graalvm-jdk-17.0.9+11.1!/java.desktop" type="simple" />
            <root url="jrt:///usr/lib/jvm/graalvm-jdk-17.0.9+11.1!/java.instrument" type="simple" />
            <root url="jrt:///usr/lib/jvm/graalvm-jdk-17.0.9+11.1!/java.logging" type="simple" />
            <root url="jrt:///usr/lib/jvm/graalvm-jdk-17.0.9+11.1!/java.management" type="simple" />
            <root url="jrt:///usr/lib/jvm/graalvm-jdk-17.0.9+11.1!/java.management.rmi" type="simple" />
            <root url="jrt:///usr/lib/jvm/graalvm-jdk-17.0.9+11.1!/java.naming" type="simple" />
            <root url="jrt:///usr/lib/jvm/graalvm-jdk-17.0.9+11.1!/java.net.http" type="simple" />
            <root url="jrt:///usr/lib/jvm/graalvm-jdk-17.0.9+11.1!/java.prefs" type="simple" />
            <root url="jrt:///usr/lib/jvm/graalvm-jdk-17.0.9+11.1!/java.rmi" type="simple" />
            <root url="jrt:///usr/lib/jvm/graalvm-jdk-17.0.9+11.1!/java.scripting" type="simple" />
            <root url="jrt:///usr/lib/jvm/graalvm-jdk-17.0.9+11.1!/java.se" type="simple" />
            <root url="jrt:///usr/lib/jvm/graalvm-jdk-17.0.9+11.1!/java.security.jgss" type="simple" />
            <root url="jrt:///usr/lib/jvm/graalvm-jdk-17.0.9+11.1!/java.security.sasl" type="simple" />
            <root url="jrt:///usr/lib/jvm/graalvm-jdk-17.0.9+11.1!/java.smartcardio" type="simple" />
            <root url="jrt:///usr/lib/jvm/graalvm-jdk-17.0.9+11.1!/java.sql" type="simple" />
            <root url="jrt:///usr/lib/jvm/graalvm-jdk-17.0.9+11.1!/java.sql.rowset" type="simple" />
            <root url="jrt:///usr/lib/jvm/graalvm-jdk-17.0.9+11.1!/java.transaction.xa" type="simple" />
            <root url="jrt:///usr/lib/jvm/graalvm-jdk-17.0.9+11.1!/java.xml" type="simple" />
            <root url="jrt:///usr/lib/jvm/graalvm-jdk-17.0.9+11.1!/java.xml.crypto" type="simple" />
            <root url="jrt:///usr/lib/jvm/graalvm-jdk-17.0.9+11.1!/jdk.accessibility" type="simple" />
            <root url="jrt:///usr/lib/jvm/graalvm-jdk-17.0.9+11.1!/jdk.attach" type="simple" />
            <root url="jrt:///usr/lib/jvm/graalvm-jdk-17.0.9+11.1!/jdk.charsets" type="simple" />
            <root url="jrt:///usr/lib/jvm/graalvm-jdk-17.0.9+11.1!/jdk.compiler" type="simple" />
            <root url="jrt:///usr/lib/jvm/graalvm-jdk-17.0.9+11.1!/jdk.crypto.cryptoki" type="simple" />
            <root url="jrt:///usr/lib/jvm/graalvm-jdk-17.0.9+11.1!/jdk.crypto.ec" type="simple" />
            <root url="jrt:///usr/lib/jvm/graalvm-jdk-17.0.9+11.1!/jdk.dynalink" type="simple" />
            <root url="jrt:///usr/lib/jvm/graalvm-jdk-17.0.9+11.1!/jdk.editpad" type="simple" />
            <root url="jrt:///usr/lib/jvm/graalvm-jdk-17.0.9+11.1!/jdk.hotspot.agent" type="simple" />
            <root url="jrt:///usr/lib/jvm/graalvm-jdk-17.0.9+11.1!/jdk.httpserver" type="simple" />
            <root url="jrt:///usr/lib/jvm/graalvm-jdk-17.0.9+11.1!/jdk.incubator.foreign" type="simple" />
            <root url="jrt:///usr/lib/jvm/graalvm-jdk-17.0.9+11.1!/jdk.incubator.vector" type="simple" />
            <root url="jrt:///usr/lib/jvm/graalvm-jdk-17.0.9+11.1!/jdk.internal.ed" type="simple" />
            <root url="jrt:///usr/lib/jvm/graalvm-jdk-17.0.9+11.1!/jdk.internal.jvmstat" type="simple" />
            <root url="jrt:///usr/lib/jvm/graalvm-jdk-17.0.9+11.1!/jdk.internal.le" type="simple" />
            <root url="jrt:///usr/lib/jvm/graalvm-jdk-17.0.9+11.1!/jdk.internal.opt" type="simple" />
            <root url="jrt:///usr/lib/jvm/graalvm-jdk-17.0.9+11.1!/jdk.internal.vm.ci" type="simple" />
            <root url="jrt:///usr/lib/jvm/graalvm-jdk-17.0.9+11.1!/jdk.internal.vm.compiler" type="simple" />
            <root url="jrt:///usr/lib/jvm/graalvm-jdk-17.0.9+11.1!/jdk.internal.vm.compiler.management" type="simple" />
            <root url="jrt:///usr/lib/jvm/graalvm-jdk-17.0.9+11.1!/jdk.internal.vm.compiler.truffle.jfr" type="simple" />
            <root url="jrt:///usr/lib/jvm/graalvm-jdk-17.0.9+11.1!/jdk.jartool" type="simple" />
            <root url="jrt:///usr/lib/jvm/graalvm-jdk-17.0.9+11.1!/jdk.javadoc" type="simple" />
            <root url="jrt:///usr/lib/jvm/graalvm-jdk-17.0.9+11.1!/jdk.jcmd" type="simple" />
            <root url="jrt:///usr/lib/jvm/graalvm-jdk-17.0.9+11.1!/jdk.jconsole" type="simple" />
            <root url="jrt:///usr/lib/jvm/graalvm-jdk-17.0.9+11.1!/jdk.jdeps" type="simple" />
            <root url="jrt:///usr/lib/jvm/graalvm-jdk-17.0.9+11.1!/jdk.jdi" type="simple" />
            <root url="jrt:///usr/lib/jvm/graalvm-jdk-17.0.9+11.1!/jdk.jdwp.agent" type="simple" />
            <root url="jrt:///usr/lib/jvm/graalvm-jdk-17.0.9+11.1!/jdk.jfr" type="simple" />
            <root url="jrt:///usr/lib/jvm/graalvm-jdk-17.0.9+11.1!/jdk.jlink" type="simple" />
            <root url="jrt:///usr/lib/jvm/graalvm-jdk-17.0.9+11.1!/jdk.jpackage" type="simple" />
            <root url="jrt:///usr/lib/jvm/graalvm-jdk-17.0.9+11.1!/jdk.jshell" type="simple" />
            <root url="jrt:///usr/lib/jvm/graalvm-jdk-17.0.9+11.1!/jdk.jsobject" type="simple" />
            <root url="jrt:///usr/lib/jvm/graalvm-jdk-17.0.9+11.1!/jdk.jstatd" type="simple" />
            <root url="jrt:///usr/lib/jvm/graalvm-jdk-17.0.9+11.1!/jdk.localedata" type="simple" />
            <root url="jrt:///usr/lib/jvm/graalvm-jdk-17.0.9+11.1!/jdk.management" type="simple" />
            <root url="jrt:///usr/lib/jvm/graalvm-jdk-17.0.9+11.1!/jdk.management.agent" type="simple" />
            <root url="jrt:///usr/lib/jvm/graalvm-jdk-17.0.9+11.1!/jdk.management.jfr" type="simple" />
            <root url="jrt:///usr/lib/jvm/graalvm-jdk-17.0.9+11.1!/jdk.naming.dns" type="simple" />
            <root url="jrt:///usr/lib/jvm/graalvm-jdk-17.0.9+11.1!/jdk.naming.rmi" type="simple" />
            <root url="jrt:///usr/lib/jvm/graalvm-jdk-17.0.9+11.1!/jdk.net" type="simple" />
            <root url="jrt:///usr/lib/jvm/graalvm-jdk-17.0.9+11.1!/jdk.nio.mapmode" type="simple" />
            <root url="jrt:///usr/lib/jvm/graalvm-jdk-17.0.9+11.1!/jdk.random" type="simple" />
            <root url="jrt:///usr/lib/jvm/graalvm-jdk-17.0.9+11.1!/jdk.sctp" type="simple" />
            <root url="jrt:///usr/lib/jvm/graalvm-jdk-17.0.9+11.1!/jdk.security.auth" type="simple" />
            <root url="jrt:///usr/lib/jvm/graalvm-jdk-17.0.9+11.1!/jdk.security.jgss" type="simple" />
            <root url="jrt:///usr/lib/jvm/graalvm-jdk-17.0.9+11.1!/jdk.unsupported" type="simple" />
            <root url="jrt:///usr/lib/jvm/graalvm-jdk-17.0.9+11.1!/jdk.unsupported.desktop" type="simple" />
            <root url="jrt:///usr/lib/jvm/graalvm-jdk-17.0.9+11.1!/jdk.xml.dom" type="simple" />
            <root url="jrt:///usr/lib/jvm/graalvm-jdk-17.0.9+11.1!/jdk.zipfs" type="simple" />
            <root url="jrt:///usr/lib/jvm/graalvm-jdk-17.0.9+11.1!/org.graalvm.extraimage.builder" type="simple" />
            <root url="jrt:///usr/lib/jvm/graalvm-jdk-17.0.9+11.1!/org.graalvm.js.scriptengine" type="simple" />
            <root url="jrt:///usr/lib/jvm/graalvm-jdk-17.0.9+11.1!/org.graalvm.locator" type="simple" />
            <root url="jrt:///usr/lib/jvm/graalvm-jdk-17.0.9+11.1!/org.graalvm.sdk" type="simple" />
            <root url="jrt:///usr/lib/jvm/graalvm-jdk-17.0.9+11.1!/org.graalvm.truffle" type="simple" />
          </root>
        </classPath>
        <javadocPath>
          <root type="composite" />
        </javadocPath>
        <sourcePath>
          <root type="composite">
            <root url="jar:///usr/lib/jvm/graalvm-jdk-17.0.9+11.1/lib/src.zip!/java.se" type="simple" />
            <root url="jar:///usr/lib/jvm/graalvm-jdk-17.0.9+11.1/lib/src.zip!/jdk.jdi" type="simple" />
            <root url="jar:///usr/lib/jvm/graalvm-jdk-17.0.9+11.1/lib/src.zip!/jdk.jfr" type="simple" />
            <root url="jar:///usr/lib/jvm/graalvm-jdk-17.0.9+11.1/lib/src.zip!/jdk.net" type="simple" />
            <root url="jar:///usr/lib/jvm/graalvm-jdk-17.0.9+11.1/lib/src.zip!/java.rmi" type="simple" />
            <root url="jar:///usr/lib/jvm/graalvm-jdk-17.0.9+11.1/lib/src.zip!/java.sql" type="simple" />
            <root url="jar:///usr/lib/jvm/graalvm-jdk-17.0.9+11.1/lib/src.zip!/java.xml" type="simple" />
            <root url="jar:///usr/lib/jvm/graalvm-jdk-17.0.9+11.1/lib/src.zip!/jdk.jcmd" type="simple" />
            <root url="jar:///usr/lib/jvm/graalvm-jdk-17.0.9+11.1/lib/src.zip!/jdk.sctp" type="simple" />
            <root url="jar:///usr/lib/jvm/graalvm-jdk-17.0.9+11.1/lib/src.zip!/java.base" type="simple" />
            <root url="jar:///usr/lib/jvm/graalvm-jdk-17.0.9+11.1/lib/src.zip!/jdk.jdeps" type="simple" />
            <root url="jar:///usr/lib/jvm/graalvm-jdk-17.0.9+11.1/lib/src.zip!/jdk.jlink" type="simple" />
            <root url="jar:///usr/lib/jvm/graalvm-jdk-17.0.9+11.1/lib/src.zip!/jdk.zipfs" type="simple" />
            <root url="jar:///usr/lib/jvm/graalvm-jdk-17.0.9+11.1/lib/src.zip!/java.prefs" type="simple" />
            <root url="jar:///usr/lib/jvm/graalvm-jdk-17.0.9+11.1/lib/src.zip!/jdk.attach" type="simple" />
            <root url="jar:///usr/lib/jvm/graalvm-jdk-17.0.9+11.1/lib/src.zip!/jdk.jshell" type="simple" />
            <root url="jar:///usr/lib/jvm/graalvm-jdk-17.0.9+11.1/lib/src.zip!/jdk.jstatd" type="simple" />
            <root url="jar:///usr/lib/jvm/graalvm-jdk-17.0.9+11.1/lib/src.zip!/jdk.random" type="simple" />
            <root url="jar:///usr/lib/jvm/graalvm-jdk-17.0.9+11.1/lib/src.zip!/java.naming" type="simple" />
            <root url="jar:///usr/lib/jvm/graalvm-jdk-17.0.9+11.1/lib/src.zip!/jdk.editpad" type="simple" />
            <root url="jar:///usr/lib/jvm/graalvm-jdk-17.0.9+11.1/lib/src.zip!/jdk.jartool" type="simple" />
            <root url="jar:///usr/lib/jvm/graalvm-jdk-17.0.9+11.1/lib/src.zip!/jdk.javadoc" type="simple" />
            <root url="jar:///usr/lib/jvm/graalvm-jdk-17.0.9+11.1/lib/src.zip!/jdk.xml.dom" type="simple" />
            <root url="jar:///usr/lib/jvm/graalvm-jdk-17.0.9+11.1/lib/src.zip!/java.desktop" type="simple" />
            <root url="jar:///usr/lib/jvm/graalvm-jdk-17.0.9+11.1/lib/src.zip!/java.logging" type="simple" />
            <root url="jar:///usr/lib/jvm/graalvm-jdk-17.0.9+11.1/lib/src.zip!/jdk.charsets" type="simple" />
            <root url="jar:///usr/lib/jvm/graalvm-jdk-17.0.9+11.1/lib/src.zip!/jdk.compiler" type="simple" />
            <root url="jar:///usr/lib/jvm/graalvm-jdk-17.0.9+11.1/lib/src.zip!/jdk.dynalink" type="simple" />
            <root url="jar:///usr/lib/jvm/graalvm-jdk-17.0.9+11.1/lib/src.zip!/jdk.jconsole" type="simple" />
            <root url="jar:///usr/lib/jvm/graalvm-jdk-17.0.9+11.1/lib/src.zip!/jdk.jpackage" type="simple" />
            <root url="jar:///usr/lib/jvm/graalvm-jdk-17.0.9+11.1/lib/src.zip!/jdk.jsobject" type="simple" />
            <root url="jar:///usr/lib/jvm/graalvm-jdk-17.0.9+11.1/lib/src.zip!/java.compiler" type="simple" />
            <root url="jar:///usr/lib/jvm/graalvm-jdk-17.0.9+11.1/lib/src.zip!/java.net.http" type="simple" />
            <root url="jar:///usr/lib/jvm/graalvm-jdk-17.0.9+11.1/lib/src.zip!/jdk.crypto.ec" type="simple" />
            <root url="jar:///usr/lib/jvm/graalvm-jdk-17.0.9+11.1/lib/src.zip!/java.scripting" type="simple" />
            <root url="jar:///usr/lib/jvm/graalvm-jdk-17.0.9+11.1/lib/src.zip!/jdk.httpserver" type="simple" />
            <root url="jar:///usr/lib/jvm/graalvm-jdk-17.0.9+11.1/lib/src.zip!/jdk.jdwp.agent" type="simple" />
            <root url="jar:///usr/lib/jvm/graalvm-jdk-17.0.9+11.1/lib/src.zip!/jdk.localedata" type="simple" />
            <root url="jar:///usr/lib/jvm/graalvm-jdk-17.0.9+11.1/lib/src.zip!/jdk.management" type="simple" />
            <root url="jar:///usr/lib/jvm/graalvm-jdk-17.0.9+11.1/lib/src.zip!/jdk.naming.dns" type="simple" />
            <root url="jar:///usr/lib/jvm/graalvm-jdk-17.0.9+11.1/lib/src.zip!/jdk.naming.rmi" type="simple" />
            <root url="jar:///usr/lib/jvm/graalvm-jdk-17.0.9+11.1/lib/src.zip!/java.instrument" type="simple" />
            <root url="jar:///usr/lib/jvm/graalvm-jdk-17.0.9+11.1/lib/src.zip!/java.management" type="simple" />
            <root url="jar:///usr/lib/jvm/graalvm-jdk-17.0.9+11.1/lib/src.zip!/java.sql.rowset" type="simple" />
            <root url="jar:///usr/lib/jvm/graalvm-jdk-17.0.9+11.1/lib/src.zip!/java.xml.crypto" type="simple" />
            <root url="jar:///usr/lib/jvm/graalvm-jdk-17.0.9+11.1/lib/src.zip!/jdk.internal.ed" type="simple" />
            <root url="jar:///usr/lib/jvm/graalvm-jdk-17.0.9+11.1/lib/src.zip!/jdk.internal.le" type="simple" />
            <root url="jar:///usr/lib/jvm/graalvm-jdk-17.0.9+11.1/lib/src.zip!/jdk.nio.mapmode" type="simple" />
            <root url="jar:///usr/lib/jvm/graalvm-jdk-17.0.9+11.1/lib/src.zip!/jdk.unsupported" type="simple" />
            <root url="jar:///usr/lib/jvm/graalvm-jdk-17.0.9+11.1/lib/src.zip!/org.graalvm.sdk" type="simple" />
            <root url="jar:///usr/lib/jvm/graalvm-jdk-17.0.9+11.1/lib/src.zip!/java.smartcardio" type="simple" />
            <root url="jar:///usr/lib/jvm/graalvm-jdk-17.0.9+11.1/lib/src.zip!/jdk.internal.opt" type="simple" />
            <root url="jar:///usr/lib/jvm/graalvm-jdk-17.0.9+11.1/lib/src.zip!/java.datatransfer" type="simple" />
            <root url="jar:///usr/lib/jvm/graalvm-jdk-17.0.9+11.1/lib/src.zip!/jdk.accessibility" type="simple" />
            <root url="jar:///usr/lib/jvm/graalvm-jdk-17.0.9+11.1/lib/src.zip!/jdk.hotspot.agent" type="simple" />
            <root url="jar:///usr/lib/jvm/graalvm-jdk-17.0.9+11.1/lib/src.zip!/jdk.security.auth" type="simple" />
            <root url="jar:///usr/lib/jvm/graalvm-jdk-17.0.9+11.1/lib/src.zip!/jdk.security.jgss" type="simple" />
            <root url="jar:///usr/lib/jvm/graalvm-jdk-17.0.9+11.1/lib/src.zip!/java.security.jgss" type="simple" />
            <root url="jar:///usr/lib/jvm/graalvm-jdk-17.0.9+11.1/lib/src.zip!/java.security.sasl" type="simple" />
            <root url="jar:///usr/lib/jvm/graalvm-jdk-17.0.9+11.1/lib/src.zip!/jdk.internal.vm.ci" type="simple" />
            <root url="jar:///usr/lib/jvm/graalvm-jdk-17.0.9+11.1/lib/src.zip!/jdk.management.jfr" type="simple" />
            <root url="jar:///usr/lib/jvm/graalvm-jdk-17.0.9+11.1/lib/src.zip!/java.management.rmi" type="simple" />
            <root url="jar:///usr/lib/jvm/graalvm-jdk-17.0.9+11.1/lib/src.zip!/java.transaction.xa" type="simple" />
            <root url="jar:///usr/lib/jvm/graalvm-jdk-17.0.9+11.1/lib/src.zip!/jdk.crypto.cryptoki" type="simple" />
            <root url="jar:///usr/lib/jvm/graalvm-jdk-17.0.9+11.1/lib/src.zip!/org.graalvm.locator" type="simple" />
            <root url="jar:///usr/lib/jvm/graalvm-jdk-17.0.9+11.1/lib/src.zip!/org.graalvm.truffle" type="simple" />
            <root url="jar:///usr/lib/jvm/graalvm-jdk-17.0.9+11.1/lib/src.zip!/jdk.incubator.vector" type="simple" />
            <root url="jar:///usr/lib/jvm/graalvm-jdk-17.0.9+11.1/lib/src.zip!/jdk.internal.jvmstat" type="simple" />
            <root url="jar:///usr/lib/jvm/graalvm-jdk-17.0.9+11.1/lib/src.zip!/jdk.management.agent" type="simple" />
            <root url="jar:///usr/lib/jvm/graalvm-jdk-17.0.9+11.1/lib/src.zip!/jdk.incubator.foreign" type="simple" />
            <root url="jar:///usr/lib/jvm/graalvm-jdk-17.0.9+11.1/lib/src.zip!/jdk.unsupported.desktop" type="simple" />
            <root url="jar:///usr/lib/jvm/graalvm-jdk-17.0.9+11.1/lib/src.zip!/jdk.internal.vm.compiler" type="simple" />
            <root url="jar:///usr/lib/jvm/graalvm-jdk-17.0.9+11.1/lib/src.zip!/org.graalvm.js.scriptengine" type="simple" />
            <root url="jar:///usr/lib/jvm/graalvm-jdk-17.0.9+11.1/lib/src.zip!/org.graalvm.extraimage.builder" type="simple" />
            <root url="jar:///usr/lib/jvm/graalvm-jdk-17.0.9+11.1/lib/src.zip!/com.oracle.graal.graal_enterprise" type="simple" />
            <root url="jar:///usr/lib/jvm/graalvm-jdk-17.0.9+11.1/lib/src.zip!/jdk.internal.vm.compiler.management" type="simple" />
            <root url="jar:///usr/lib/jvm/graalvm-jdk-17.0.9+11.1/lib/src.zip!/com.oracle.svm.extraimage_enterprise" type="simple" />
            <root url="jar:///usr/lib/jvm/graalvm-jdk-17.0.9+11.1/lib/src.zip!/jdk.internal.vm.compiler.truffle.jfr" type="simple" />
          </root>
        </sourcePath>
      </roots>
      <additional />
    </jdk>
    <jdk version="2">
      <name value="temurin-17" />
      <type value="JavaSDK" />
      <version value="Eclipse Temurin version 17.0.9" />
      <homePath value="/usr/lib/jvm/jdk-17.0.9+9" />
      <roots>
        <annotationsPath>
          <root type="composite">
            <root url="jar://$APPLICATION_HOME_DIR$/plugins/java/lib/resources/jdkAnnotations.jar!/" type="simple" />
          </root>
        </annotationsPath>
        <classPath>
          <root type="composite">
            <root url="jrt:///usr/lib/jvm/jdk-17.0.9+9!/java.base" type="simple" />
            <root url="jrt:///usr/lib/jvm/jdk-17.0.9+9!/java.compiler" type="simple" />
            <root url="jrt:///usr/lib/jvm/jdk-17.0.9+9!/java.datatransfer" type="simple" />
            <root url="jrt:///usr/lib/jvm/jdk-17.0.9+9!/java.desktop" type="simple" />
            <root url="jrt:///usr/lib/jvm/jdk-17.0.9+9!/java.instrument" type="simple" />
            <root url="jrt:///usr/lib/jvm/jdk-17.0.9+9!/java.logging" type="simple" />
            <root url="jrt:///usr/lib/jvm/jdk-17.0.9+9!/java.management" type="simple" />
            <root url="jrt:///usr/lib/jvm/jdk-17.0.9+9!/java.management.rmi" type="simple" />
            <root url="jrt:///usr/lib/jvm/jdk-17.0.9+9!/java.naming" type="simple" />
            <root url="jrt:///usr/lib/jvm/jdk-17.0.9+9!/java.net.http" type="simple" />
            <root url="jrt:///usr/lib/jvm/jdk-17.0.9+9!/java.prefs" type="simple" />
            <root url="jrt:///usr/lib/jvm/jdk-17.0.9+9!/java.rmi" type="simple" />
            <root url="jrt:///usr/lib/jvm/jdk-17.0.9+9!/java.scripting" type="simple" />
            <root url="jrt:///usr/lib/jvm/jdk-17.0.9+9!/java.se" type="simple" />
            <root url="jrt:///usr/lib/jvm/jdk-17.0.9+9!/java.security.jgss" type="simple" />
            <root url="jrt:///usr/lib/jvm/jdk-17.0.9+9!/java.security.sasl" type="simple" />
            <root url="jrt:///usr/lib/jvm/jdk-17.0.9+9!/java.smartcardio" type="simple" />
            <root url="jrt:///usr/lib/jvm/jdk-17.0.9+9!/java.sql" type="simple" />
            <root url="jrt:///usr/lib/jvm/jdk-17.0.9+9!/java.sql.rowset" type="simple" />
            <root url="jrt:///usr/lib/jvm/jdk-17.0.9+9!/java.transaction.xa" type="simple" />
            <root url="jrt:///usr/lib/jvm/jdk-17.0.9+9!/java.xml" type="simple" />
            <root url="jrt:///usr/lib/jvm/jdk-17.0.9+9!/java.xml.crypto" type="simple" />
            <root url="jrt:///usr/lib/jvm/jdk-17.0.9+9!/jdk.accessibility" type="simple" />
            <root url="jrt:///usr/lib/jvm/jdk-17.0.9+9!/jdk.attach" type="simple" />
            <root url="jrt:///usr/lib/jvm/jdk-17.0.9+9!/jdk.charsets" type="simple" />
            <root url="jrt:///usr/lib/jvm/jdk-17.0.9+9!/jdk.compiler" type="simple" />
            <root url="jrt:///usr/lib/jvm/jdk-17.0.9+9!/jdk.crypto.cryptoki" type="simple" />
            <root url="jrt:///usr/lib/jvm/jdk-17.0.9+9!/jdk.crypto.ec" type="simple" />
            <root url="jrt:///usr/lib/jvm/jdk-17.0.9+9!/jdk.dynalink" type="simple" />
            <root url="jrt:///usr/lib/jvm/jdk-17.0.9+9!/jdk.editpad" type="simple" />
            <root url="jrt:///usr/lib/jvm/jdk-17.0.9+9!/jdk.hotspot.agent" type="simple" />
            <root url="jrt:///usr/lib/jvm/jdk-17.0.9+9!/jdk.httpserver" type="simple" />
            <root url="jrt:///usr/lib/jvm/jdk-17.0.9+9!/jdk.incubator.foreign" type="simple" />
            <root url="jrt:///usr/lib/jvm/jdk-17.0.9+9!/jdk.incubator.vector" type="simple" />
            <root url="jrt:///usr/lib/jvm/jdk-17.0.9+9!/jdk.internal.ed" type="simple" />
            <root url="jrt:///usr/lib/jvm/jdk-17.0.9+9!/jdk.internal.jvmstat" type="simple" />
            <root url="jrt:///usr/lib/jvm/jdk-17.0.9+9!/jdk.internal.le" type="simple" />
            <root url="jrt:///usr/lib/jvm/jdk-17.0.9+9!/jdk.internal.opt" type="simple" />
            <root url="jrt:///usr/lib/jvm/jdk-17.0.9+9!/jdk.internal.vm.ci" type="simple" />
            <root url="jrt:///usr/lib/jvm/jdk-17.0.9+9!/jdk.internal.vm.compiler" type="simple" />
            <root url="jrt:///usr/lib/jvm/jdk-17.0.9+9!/jdk.internal.vm.compiler.management" type="simple" />
            <root url="jrt:///usr/lib/jvm/jdk-17.0.9+9!/jdk.jartool" type="simple" />
            <root url="jrt:///usr/lib/jvm/jdk-17.0.9+9!/jdk.javadoc" type="simple" />
            <root url="jrt:///usr/lib/jvm/jdk-17.0.9+9!/jdk.jcmd" type="simple" />
            <root url="jrt:///usr/lib/jvm/jdk-17.0.9+9!/jdk.jconsole" type="simple" />
            <root url="jrt:///usr/lib/jvm/jdk-17.0.9+9!/jdk.jdeps" type="simple" />
            <root url="jrt:///usr/lib/jvm/jdk-17.0.9+9!/jdk.jdi" type="simple" />
            <root url="jrt:///usr/lib/jvm/jdk-17.0.9+9!/jdk.jdwp.agent" type="simple" />
            <root url="jrt:///usr/lib/jvm/jdk-17.0.9+9!/jdk.jfr" type="simple" />
            <root url="jrt:///usr/lib/jvm/jdk-17.0.9+9!/jdk.jlink" type="simple" />
            <root url="jrt:///usr/lib/jvm/jdk-17.0.9+9!/jdk.jpackage" type="simple" />
            <root url="jrt:///usr/lib/jvm/jdk-17.0.9+9!/jdk.jshell" type="simple" />
            <root url="jrt:///usr/lib/jvm/jdk-17.0.9+9!/jdk.jsobject" type="simple" />
            <root url="jrt:///usr/lib/jvm/jdk-17.0.9+9!/jdk.jstatd" type="simple" />
            <root url="jrt:///usr/lib/jvm/jdk-17.0.9+9!/jdk.localedata" type="simple" />
            <root url="jrt:///usr/lib/jvm/jdk-17.0.9+9!/jdk.management" type="simple" />
            <root url="jrt:///usr/lib/jvm/jdk-17.0.9+9!/jdk.management.agent" type="simple" />
            <root url="jrt:///usr/lib/jvm/jdk-17.0.9+9!/jdk.management.jfr" type="simple" />
            <root url="jrt:///usr/lib/jvm/jdk-17.0.9+9!/jdk.naming.dns" type="simple" />
            <root url="jrt:///usr/lib/jvm/jdk-17.0.9+9!/jdk.naming.rmi" type="simple" />
            <root url="jrt:///usr/lib/jvm/jdk-17.0.9+9!/jdk.net" type="simple" />
            <root url="jrt:///usr/lib/jvm/jdk-17.0.9+9!/jdk.nio.mapmode" type="simple" />
            <root url="jrt:///usr/lib/jvm/jdk-17.0.9+9!/jdk.random" type="simple" />
            <root url="jrt:///usr/lib/jvm/jdk-17.0.9+9!/jdk.sctp" type="simple" />
            <root url="jrt:///usr/lib/jvm/jdk-17.0.9+9!/jdk.security.auth" type="simple" />
            <root url="jrt:///usr/lib/jvm/jdk-17.0.9+9!/jdk.security.jgss" type="simple" />
            <root url="jrt:///usr/lib/jvm/jdk-17.0.9+9!/jdk.unsupported" type="simple" />
            <root url="jrt:///usr/lib/jvm/jdk-17.0.9+9!/jdk.unsupported.desktop" type="simple" />
            <root url="jrt:///usr/lib/jvm/jdk-17.0.9+9!/jdk.xml.dom" type="simple" />
            <root url="jrt:///usr/lib/jvm/jdk-17.0.9+9!/jdk.zipfs" type="simple" />
          </root>
        </classPath>
        <javadocPath>
          <root type="composite" />
        </javadocPath>
        <sourcePath>
          <root type="composite">
            <root url="jar:///usr/lib/jvm/jdk-17.0.9+9/lib/src.zip!/java.se" type="simple" />
            <root url="jar:///usr/lib/jvm/jdk-17.0.9+9/lib/src.zip!/jdk.jdi" type="simple" />
            <root url="jar:///usr/lib/jvm/jdk-17.0.9+9/lib/src.zip!/jdk.jfr" type="simple" />
            <root url="jar:///usr/lib/jvm/jdk-17.0.9+9/lib/src.zip!/jdk.net" type="simple" />
            <root url="jar:///usr/lib/jvm/jdk-17.0.9+9/lib/src.zip!/java.rmi" type="simple" />
            <root url="jar:///usr/lib/jvm/jdk-17.0.9+9/lib/src.zip!/java.sql" type="simple" />
            <root url="jar:///usr/lib/jvm/jdk-17.0.9+9/lib/src.zip!/java.xml" type="simple" />
            <root url="jar:///usr/lib/jvm/jdk-17.0.9+9/lib/src.zip!/jdk.jcmd" type="simple" />
            <root url="jar:///usr/lib/jvm/jdk-17.0.9+9/lib/src.zip!/jdk.sctp" type="simple" />
            <root url="jar:///usr/lib/jvm/jdk-17.0.9+9/lib/src.zip!/java.base" type="simple" />
            <root url="jar:///usr/lib/jvm/jdk-17.0.9+9/lib/src.zip!/jdk.jdeps" type="simple" />
            <root url="jar:///usr/lib/jvm/jdk-17.0.9+9/lib/src.zip!/jdk.jlink" type="simple" />
            <root url="jar:///usr/lib/jvm/jdk-17.0.9+9/lib/src.zip!/jdk.zipfs" type="simple" />
            <root url="jar:///usr/lib/jvm/jdk-17.0.9+9/lib/src.zip!/java.prefs" type="simple" />
            <root url="jar:///usr/lib/jvm/jdk-17.0.9+9/lib/src.zip!/jdk.attach" type="simple" />
            <root url="jar:///usr/lib/jvm/jdk-17.0.9+9/lib/src.zip!/jdk.jshell" type="simple" />
            <root url="jar:///usr/lib/jvm/jdk-17.0.9+9/lib/src.zip!/jdk.jstatd" type="simple" />
            <root url="jar:///usr/lib/jvm/jdk-17.0.9+9/lib/src.zip!/jdk.random" type="simple" />
            <root url="jar:///usr/lib/jvm/jdk-17.0.9+9/lib/src.zip!/java.naming" type="simple" />
            <root url="jar:///usr/lib/jvm/jdk-17.0.9+9/lib/src.zip!/jdk.editpad" type="simple" />
            <root url="jar:///usr/lib/jvm/jdk-17.0.9+9/lib/src.zip!/jdk.jartool" type="simple" />
            <root url="jar:///usr/lib/jvm/jdk-17.0.9+9/lib/src.zip!/jdk.javadoc" type="simple" />
            <root url="jar:///usr/lib/jvm/jdk-17.0.9+9/lib/src.zip!/jdk.xml.dom" type="simple" />
            <root url="jar:///usr/lib/jvm/jdk-17.0.9+9/lib/src.zip!/java.desktop" type="simple" />
            <root url="jar:///usr/lib/jvm/jdk-17.0.9+9/lib/src.zip!/java.logging" type="simple" />
            <root url="jar:///usr/lib/jvm/jdk-17.0.9+9/lib/src.zip!/jdk.charsets" type="simple" />
            <root url="jar:///usr/lib/jvm/jdk-17.0.9+9/lib/src.zip!/jdk.compiler" type="simple" />
            <root url="jar:///usr/lib/jvm/jdk-17.0.9+9/lib/src.zip!/jdk.dynalink" type="simple" />
            <root url="jar:///usr/lib/jvm/jdk-17.0.9+9/lib/src.zip!/jdk.jconsole" type="simple" />
            <root url="jar:///usr/lib/jvm/jdk-17.0.9+9/lib/src.zip!/jdk.jpackage" type="simple" />
            <root url="jar:///usr/lib/jvm/jdk-17.0.9+9/lib/src.zip!/jdk.jsobject" type="simple" />
            <root url="jar:///usr/lib/jvm/jdk-17.0.9+9/lib/src.zip!/java.compiler" type="simple" />
            <root url="jar:///usr/lib/jvm/jdk-17.0.9+9/lib/src.zip!/java.net.http" type="simple" />
            <root url="jar:///usr/lib/jvm/jdk-17.0.9+9/lib/src.zip!/jdk.crypto.ec" type="simple" />
            <root url="jar:///usr/lib/jvm/jdk-17.0.9+9/lib/src.zip!/java.scripting" type="simple" />
            <root url="jar:///usr/lib/jvm/jdk-17.0.9+9/lib/src.zip!/jdk.httpserver" type="simple" />
            <root url="jar:///usr/lib/jvm/jdk-17.0.9+9/lib/src.zip!/jdk.jdwp.agent" type="simple" />
            <root url="jar:///usr/lib/jvm/jdk-17.0.9+9/lib/src.zip!/jdk.localedata" type="simple" />
            <root url="jar:///usr/lib/jvm/jdk-17.0.9+9/lib/src.zip!/jdk.management" type="simple" />
            <root url="jar:///usr/lib/jvm/jdk-17.0.9+9/lib/src.zip!/jdk.naming.dns" type="simple" />
            <root url="jar:///usr/lib/jvm/jdk-17.0.9+9/lib/src.zip!/jdk.naming.rmi" type="simple" />
            <root url="jar:///usr/lib/jvm/jdk-17.0.9+9/lib/src.zip!/java.instrument" type="simple" />
            <root url="jar:///usr/lib/jvm/jdk-17.0.9+9/lib/src.zip!/java.management" type="simple" />
            <root url="jar:///usr/lib/jvm/jdk-17.0.9+9/lib/src.zip!/java.sql.rowset" type="simple" />
            <root url="jar:///usr/lib/jvm/jdk-17.0.9+9/lib/src.zip!/java.xml.crypto" type="simple" />
            <root url="jar:///usr/lib/jvm/jdk-17.0.9+9/lib/src.zip!/jdk.internal.ed" type="simple" />
            <root url="jar:///usr/lib/jvm/jdk-17.0.9+9/lib/src.zip!/jdk.internal.le" type="simple" />
            <root url="jar:///usr/lib/jvm/jdk-17.0.9+9/lib/src.zip!/jdk.nio.mapmode" type="simple" />
            <root url="jar:///usr/lib/jvm/jdk-17.0.9+9/lib/src.zip!/jdk.unsupported" type="simple" />
            <root url="jar:///usr/lib/jvm/jdk-17.0.9+9/lib/src.zip!/java.smartcardio" type="simple" />
            <root url="jar:///usr/lib/jvm/jdk-17.0.9+9/lib/src.zip!/jdk.internal.opt" type="simple" />
            <root url="jar:///usr/lib/jvm/jdk-17.0.9+9/lib/src.zip!/java.datatransfer" type="simple" />
            <root url="jar:///usr/lib/jvm/jdk-17.0.9+9/lib/src.zip!/jdk.accessibility" type="simple" />
            <root url="jar:///usr/lib/jvm/jdk-17.0.9+9/lib/src.zip!/jdk.hotspot.agent" type="simple" />
            <root url="jar:///usr/lib/jvm/jdk-17.0.9+9/lib/src.zip!/jdk.security.auth" type="simple" />
            <root url="jar:///usr/lib/jvm/jdk-17.0.9+9/lib/src.zip!/jdk.security.jgss" type="simple" />
            <root url="jar:///usr/lib/jvm/jdk-17.0.9+9/lib/src.zip!/java.security.jgss" type="simple" />
            <root url="jar:///usr/lib/jvm/jdk-17.0.9+9/lib/src.zip!/java.security.sasl" type="simple" />
            <root url="jar:///usr/lib/jvm/jdk-17.0.9+9/lib/src.zip!/jdk.internal.vm.ci" type="simple" />
            <root url="jar:///usr/lib/jvm/jdk-17.0.9+9/lib/src.zip!/jdk.management.jfr" type="simple" />
            <root url="jar:///usr/lib/jvm/jdk-17.0.9+9/lib/src.zip!/java.management.rmi" type="simple" />
            <root url="jar:///usr/lib/jvm/jdk-17.0.9+9/lib/src.zip!/java.transaction.xa" type="simple" />
            <root url="jar:///usr/lib/jvm/jdk-17.0.9+9/lib/src.zip!/jdk.crypto.cryptoki" type="simple" />
            <root url="jar:///usr/lib/jvm/jdk-17.0.9+9/lib/src.zip!/jdk.incubator.vector" type="simple" />
            <root url="jar:///usr/lib/jvm/jdk-17.0.9+9/lib/src.zip!/jdk.internal.jvmstat" type="simple" />
            <root url="jar:///usr/lib/jvm/jdk-17.0.9+9/lib/src.zip!/jdk.management.agent" type="simple" />
            <root url="jar:///usr/lib/jvm/jdk-17.0.9+9/lib/src.zip!/jdk.incubator.foreign" type="simple" />
            <root url="jar:///usr/lib/jvm/jdk-17.0.9+9/lib/src.zip!/jdk.unsupported.desktop" type="simple" />
            <root url="jar:///usr/lib/jvm/jdk-17.0.9+9/lib/src.zip!/jdk.internal.vm.compiler" type="simple" />
            <root url="jar:///usr/lib/jvm/jdk-17.0.9+9/lib/src.zip!/jdk.internal.vm.compiler.management" type="simple" />
          </root>
        </sourcePath>
      </roots>
      <additional />
    </jdk>
    <jdk version="2">
      <name value="temurin-21" />
      <type value="JavaSDK" />
      <version value="Eclipse Temurin version 21.0.1" />
      <homePath value="/usr/lib/jvm/jdk-21.0.1+12" />
      <roots>
        <annotationsPath>
          <root type="composite">
            <root url="jar://$APPLICATION_HOME_DIR$/plugins/java/lib/resources/jdkAnnotations.jar!/" type="simple" />
          </root>
        </annotationsPath>
        <classPath>
          <root type="composite">
            <root url="jrt:///usr/lib/jvm/jdk-21.0.1+12!/java.base" type="simple" />
            <root url="jrt:///usr/lib/jvm/jdk-21.0.1+12!/java.compiler" type="simple" />
            <root url="jrt:///usr/lib/jvm/jdk-21.0.1+12!/java.datatransfer" type="simple" />
            <root url="jrt:///usr/lib/jvm/jdk-21.0.1+12!/java.desktop" type="simple" />
            <root url="jrt:///usr/lib/jvm/jdk-21.0.1+12!/java.instrument" type="simple" />
            <root url="jrt:///usr/lib/jvm/jdk-21.0.1+12!/java.logging" type="simple" />
            <root url="jrt:///usr/lib/jvm/jdk-21.0.1+12!/java.management" type="simple" />
            <root url="jrt:///usr/lib/jvm/jdk-21.0.1+12!/java.management.rmi" type="simple" />
            <root url="jrt:///usr/lib/jvm/jdk-21.0.1+12!/java.naming" type="simple" />
            <root url="jrt:///usr/lib/jvm/jdk-21.0.1+12!/java.net.http" type="simple" />
            <root url="jrt:///usr/lib/jvm/jdk-21.0.1+12!/java.prefs" type="simple" />
            <root url="jrt:///usr/lib/jvm/jdk-21.0.1+12!/java.rmi" type="simple" />
            <root url="jrt:///usr/lib/jvm/jdk-21.0.1+12!/java.scripting" type="simple" />
            <root url="jrt:///usr/lib/jvm/jdk-21.0.1+12!/java.se" type="simple" />
            <root url="jrt:///usr/lib/jvm/jdk-21.0.1+12!/java.security.jgss" type="simple" />
            <root url="jrt:///usr/lib/jvm/jdk-21.0.1+12!/java.security.sasl" type="simple" />
            <root url="jrt:///usr/lib/jvm/jdk-21.0.1+12!/java.smartcardio" type="simple" />
            <root url="jrt:///usr/lib/jvm/jdk-21.0.1+12!/java.sql" type="simple" />
            <root url="jrt:///usr/lib/jvm/jdk-21.0.1+12!/java.sql.rowset" type="simple" />
            <root url="jrt:///usr/lib/jvm/jdk-21.0.1+12!/java.transaction.xa" type="simple" />
            <root url="jrt:///usr/lib/jvm/jdk-21.0.1+12!/java.xml" type="simple" />
            <root url="jrt:///usr/lib/jvm/jdk-21.0.1+12!/java.xml.crypto" type="simple" />
            <root url="jrt:///usr/lib/jvm/jdk-21.0.1+12!/jdk.accessibility" type="simple" />
            <root url="jrt:///usr/lib/jvm/jdk-21.0.1+12!/jdk.attach" type="simple" />
            <root url="jrt:///usr/lib/jvm/jdk-21.0.1+12!/jdk.charsets" type="simple" />
            <root url="jrt:///usr/lib/jvm/jdk-21.0.1+12!/jdk.compiler" type="simple" />
            <root url="jrt:///usr/lib/jvm/jdk-21.0.1+12!/jdk.crypto.cryptoki" type="simple" />
            <root url="jrt:///usr/lib/jvm/jdk-21.0.1+12!/jdk.crypto.ec" type="simple" />
            <root url="jrt:///usr/lib/jvm/jdk-21.0.1+12!/jdk.dynalink" type="simple" />
            <root url="jrt:///usr/lib/jvm/jdk-21.0.1+12!/jdk.editpad" type="simple" />
            <root url="jrt:///usr/lib/jvm/jdk-21.0.1+12!/jdk.hotspot.agent" type="simple" />
            <root url="jrt:///usr/lib/jvm/jdk-21.0.1+12!/jdk.httpserver" type="simple" />
            <root url="jrt:///usr/lib/jvm/jdk-21.0.1+12!/jdk.incubator.vector" type="simple" />
            <root url="jrt:///usr/lib/jvm/jdk-21.0.1+12!/jdk.internal.ed" type="simple" />
            <root url="jrt:///usr/lib/jvm/jdk-21.0.1+12!/jdk.internal.jvmstat" type="simple" />
            <root url="jrt:///usr/lib/jvm/jdk-21.0.1+12!/jdk.internal.le" type="simple" />
            <root url="jrt:///usr/lib/jvm/jdk-21.0.1+12!/jdk.internal.opt" type="simple" />
            <root url="jrt:///usr/lib/jvm/jdk-21.0.1+12!/jdk.internal.vm.ci" type="simple" />
            <root url="jrt:///usr/lib/jvm/jdk-21.0.1+12!/jdk.internal.vm.compiler" type="simple" />
            <root url="jrt:///usr/lib/jvm/jdk-21.0.1+12!/jdk.internal.vm.compiler.management" type="simple" />
            <root url="jrt:///usr/lib/jvm/jdk-21.0.1+12!/jdk.jartool" type="simple" />
            <root url="jrt:///usr/lib/jvm/jdk-21.0.1+12!/jdk.javadoc" type="simple" />
            <root url="jrt:///usr/lib/jvm/jdk-21.0.1+12!/jdk.jcmd" type="simple" />
            <root url="jrt:///usr/lib/jvm/jdk-21.0.1+12!/jdk.jconsole" type="simple" />
            <root url="jrt:///usr/lib/jvm/jdk-21.0.1+12!/jdk.jdeps" type="simple" />
            <root url="jrt:///usr/lib/jvm/jdk-21.0.1+12!/jdk.jdi" type="simple" />
            <root url="jrt:///usr/lib/jvm/jdk-21.0.1+12!/jdk.jdwp.agent" type="simple" />
            <root url="jrt:///usr/lib/jvm/jdk-21.0.1+12!/jdk.jfr" type="simple" />
            <root url="jrt:///usr/lib/jvm/jdk-21.0.1+12!/jdk.jlink" type="simple" />
            <root url="jrt:///usr/lib/jvm/jdk-21.0.1+12!/jdk.jpackage" type="simple" />
            <root url="jrt:///usr/lib/jvm/jdk-21.0.1+12!/jdk.jshell" type="simple" />
            <root url="jrt:///usr/lib/jvm/jdk-21.0.1+12!/jdk.jsobject" type="simple" />
            <root url="jrt:///usr/lib/jvm/jdk-21.0.1+12!/jdk.jstatd" type="simple" />
            <root url="jrt:///usr/lib/jvm/jdk-21.0.1+12!/jdk.localedata" type="simple" />
            <root url="jrt:///usr/lib/jvm/jdk-21.0.1+12!/jdk.management" type="simple" />
            <root url="jrt:///usr/lib/jvm/jdk-21.0.1+12!/jdk.management.agent" type="simple" />
            <root url="jrt:///usr/lib/jvm/jdk-21.0.1+12!/jdk.management.jfr" type="simple" />
            <root url="jrt:///usr/lib/jvm/jdk-21.0.1+12!/jdk.naming.dns" type="simple" />
            <root url="jrt:///usr/lib/jvm/jdk-21.0.1+12!/jdk.naming.rmi" type="simple" />
            <root url="jrt:///usr/lib/jvm/jdk-21.0.1+12!/jdk.net" type="simple" />
            <root url="jrt:///usr/lib/jvm/jdk-21.0.1+12!/jdk.nio.mapmode" type="simple" />
            <root url="jrt:///usr/lib/jvm/jdk-21.0.1+12!/jdk.random" type="simple" />
            <root url="jrt:///usr/lib/jvm/jdk-21.0.1+12!/jdk.sctp" type="simple" />
            <root url="jrt:///usr/lib/jvm/jdk-21.0.1+12!/jdk.security.auth" type="simple" />
            <root url="jrt:///usr/lib/jvm/jdk-21.0.1+12!/jdk.security.jgss" type="simple" />
            <root url="jrt:///usr/lib/jvm/jdk-21.0.1+12!/jdk.unsupported" type="simple" />
            <root url="jrt:///usr/lib/jvm/jdk-21.0.1+12!/jdk.unsupported.desktop" type="simple" />
            <root url="jrt:///usr/lib/jvm/jdk-21.0.1+12!/jdk.xml.dom" type="simple" />
            <root url="jrt:///usr/lib/jvm/jdk-21.0.1+12!/jdk.zipfs" type="simple" />
          </root>
        </classPath>
        <javadocPath>
          <root type="composite" />
        </javadocPath>
        <sourcePath>
          <root type="composite">
            <root url="jar:///usr/lib/jvm/jdk-21.0.1+12/lib/src.zip!/java.se" type="simple" />
            <root url="jar:///usr/lib/jvm/jdk-21.0.1+12/lib/src.zip!/jdk.jdi" type="simple" />
            <root url="jar:///usr/lib/jvm/jdk-21.0.1+12/lib/src.zip!/jdk.jfr" type="simple" />
            <root url="jar:///usr/lib/jvm/jdk-21.0.1+12/lib/src.zip!/jdk.net" type="simple" />
            <root url="jar:///usr/lib/jvm/jdk-21.0.1+12/lib/src.zip!/java.rmi" type="simple" />
            <root url="jar:///usr/lib/jvm/jdk-21.0.1+12/lib/src.zip!/java.sql" type="simple" />
            <root url="jar:///usr/lib/jvm/jdk-21.0.1+12/lib/src.zip!/java.xml" type="simple" />
            <root url="jar:///usr/lib/jvm/jdk-21.0.1+12/lib/src.zip!/jdk.jcmd" type="simple" />
            <root url="jar:///usr/lib/jvm/jdk-21.0.1+12/lib/src.zip!/jdk.sctp" type="simple" />
            <root url="jar:///usr/lib/jvm/jdk-21.0.1+12/lib/src.zip!/java.base" type="simple" />
            <root url="jar:///usr/lib/jvm/jdk-21.0.1+12/lib/src.zip!/jdk.jdeps" type="simple" />
            <root url="jar:///usr/lib/jvm/jdk-21.0.1+12/lib/src.zip!/jdk.jlink" type="simple" />
            <root url="jar:///usr/lib/jvm/jdk-21.0.1+12/lib/src.zip!/jdk.zipfs" type="simple" />
            <root url="jar:///usr/lib/jvm/jdk-21.0.1+12/lib/src.zip!/java.prefs" type="simple" />
            <root url="jar:///usr/lib/jvm/jdk-21.0.1+12/lib/src.zip!/jdk.attach" type="simple" />
            <root url="jar:///usr/lib/jvm/jdk-21.0.1+12/lib/src.zip!/jdk.jshell" type="simple" />
            <root url="jar:///usr/lib/jvm/jdk-21.0.1+12/lib/src.zip!/jdk.jstatd" type="simple" />
            <root url="jar:///usr/lib/jvm/jdk-21.0.1+12/lib/src.zip!/jdk.random" type="simple" />
            <root url="jar:///usr/lib/jvm/jdk-21.0.1+12/lib/src.zip!/java.naming" type="simple" />
            <root url="jar:///usr/lib/jvm/jdk-21.0.1+12/lib/src.zip!/jdk.editpad" type="simple" />
            <root url="jar:///usr/lib/jvm/jdk-21.0.1+12/lib/src.zip!/jdk.jartool" type="simple" />
            <root url="jar:///usr/lib/jvm/jdk-21.0.1+12/lib/src.zip!/jdk.javadoc" type="simple" />
            <root url="jar:///usr/lib/jvm/jdk-21.0.1+12/lib/src.zip!/jdk.xml.dom" type="simple" />
            <root url="jar:///usr/lib/jvm/jdk-21.0.1+12/lib/src.zip!/java.desktop" type="simple" />
            <root url="jar:///usr/lib/jvm/jdk-21.0.1+12/lib/src.zip!/java.logging" type="simple" />
            <root url="jar:///usr/lib/jvm/jdk-21.0.1+12/lib/src.zip!/jdk.charsets" type="simple" />
            <root url="jar:///usr/lib/jvm/jdk-21.0.1+12/lib/src.zip!/jdk.compiler" type="simple" />
            <root url="jar:///usr/lib/jvm/jdk-21.0.1+12/lib/src.zip!/jdk.dynalink" type="simple" />
            <root url="jar:///usr/lib/jvm/jdk-21.0.1+12/lib/src.zip!/jdk.jconsole" type="simple" />
            <root url="jar:///usr/lib/jvm/jdk-21.0.1+12/lib/src.zip!/jdk.jpackage" type="simple" />
            <root url="jar:///usr/lib/jvm/jdk-21.0.1+12/lib/src.zip!/jdk.jsobject" type="simple" />
            <root url="jar:///usr/lib/jvm/jdk-21.0.1+12/lib/src.zip!/java.compiler" type="simple" />
            <root url="jar:///usr/lib/jvm/jdk-21.0.1+12/lib/src.zip!/java.net.http" type="simple" />
            <root url="jar:///usr/lib/jvm/jdk-21.0.1+12/lib/src.zip!/jdk.crypto.ec" type="simple" />
            <root url="jar:///usr/lib/jvm/jdk-21.0.1+12/lib/src.zip!/java.scripting" type="simple" />
            <root url="jar:///usr/lib/jvm/jdk-21.0.1+12/lib/src.zip!/jdk.httpserver" type="simple" />
            <root url="jar:///usr/lib/jvm/jdk-21.0.1+12/lib/src.zip!/jdk.jdwp.agent" type="simple" />
            <root url="jar:///usr/lib/jvm/jdk-21.0.1+12/lib/src.zip!/jdk.localedata" type="simple" />
            <root url="jar:///usr/lib/jvm/jdk-21.0.1+12/lib/src.zip!/jdk.management" type="simple" />
            <root url="jar:///usr/lib/jvm/jdk-21.0.1+12/lib/src.zip!/jdk.naming.dns" type="simple" />
            <root url="jar:///usr/lib/jvm/jdk-21.0.1+12/lib/src.zip!/jdk.naming.rmi" type="simple" />
            <root url="jar:///usr/lib/jvm/jdk-21.0.1+12/lib/src.zip!/java.instrument" type="simple" />
            <root url="jar:///usr/lib/jvm/jdk-21.0.1+12/lib/src.zip!/java.management" type="simple" />
            <root url="jar:///usr/lib/jvm/jdk-21.0.1+12/lib/src.zip!/java.sql.rowset" type="simple" />
            <root url="jar:///usr/lib/jvm/jdk-21.0.1+12/lib/src.zip!/java.xml.crypto" type="simple" />
            <root url="jar:///usr/lib/jvm/jdk-21.0.1+12/lib/src.zip!/jdk.internal.ed" type="simple" />
            <root url="jar:///usr/lib/jvm/jdk-21.0.1+12/lib/src.zip!/jdk.internal.le" type="simple" />
            <root url="jar:///usr/lib/jvm/jdk-21.0.1+12/lib/src.zip!/jdk.nio.mapmode" type="simple" />
            <root url="jar:///usr/lib/jvm/jdk-21.0.1+12/lib/src.zip!/jdk.unsupported" type="simple" />
            <root url="jar:///usr/lib/jvm/jdk-21.0.1+12/lib/src.zip!/java.smartcardio" type="simple" />
            <root url="jar:///usr/lib/jvm/jdk-21.0.1+12/lib/src.zip!/jdk.internal.opt" type="simple" />
            <root url="jar:///usr/lib/jvm/jdk-21.0.1+12/lib/src.zip!/java.datatransfer" type="simple" />
            <root url="jar:///usr/lib/jvm/jdk-21.0.1+12/lib/src.zip!/jdk.accessibility" type="simple" />
            <root url="jar:///usr/lib/jvm/jdk-21.0.1+12/lib/src.zip!/jdk.hotspot.agent" type="simple" />
            <root url="jar:///usr/lib/jvm/jdk-21.0.1+12/lib/src.zip!/jdk.security.auth" type="simple" />
            <root url="jar:///usr/lib/jvm/jdk-21.0.1+12/lib/src.zip!/jdk.security.jgss" type="simple" />
            <root url="jar:///usr/lib/jvm/jdk-21.0.1+12/lib/src.zip!/java.security.jgss" type="simple" />
            <root url="jar:///usr/lib/jvm/jdk-21.0.1+12/lib/src.zip!/java.security.sasl" type="simple" />
            <root url="jar:///usr/lib/jvm/jdk-21.0.1+12/lib/src.zip!/jdk.internal.vm.ci" type="simple" />
            <root url="jar:///usr/lib/jvm/jdk-21.0.1+12/lib/src.zip!/jdk.management.jfr" type="simple" />
            <root url="jar:///usr/lib/jvm/jdk-21.0.1+12/lib/src.zip!/java.management.rmi" type="simple" />
            <root url="jar:///usr/lib/jvm/jdk-21.0.1+12/lib/src.zip!/java.transaction.xa" type="simple" />
            <root url="jar:///usr/lib/jvm/jdk-21.0.1+12/lib/src.zip!/jdk.crypto.cryptoki" type="simple" />
            <root url="jar:///usr/lib/jvm/jdk-21.0.1+12/lib/src.zip!/jdk.incubator.vector" type="simple" />
            <root url="jar:///usr/lib/jvm/jdk-21.0.1+12/lib/src.zip!/jdk.internal.jvmstat" type="simple" />
            <root url="jar:///usr/lib/jvm/jdk-21.0.1+12/lib/src.zip!/jdk.management.agent" type="simple" />
            <root url="jar:///usr/lib/jvm/jdk-21.0.1+12/lib/src.zip!/jdk.unsupported.desktop" type="simple" />
            <root url="jar:///usr/lib/jvm/jdk-21.0.1+12/lib/src.zip!/jdk.internal.vm.compiler" type="simple" />
            <root url="jar:///usr/lib/jvm/jdk-21.0.1+12/lib/src.zip!/jdk.internal.vm.compiler.management" type="simple" />
          </root>
        </sourcePath>
      </roots>
      <additional />
    </jdk>
  </component>
</application>