<application>
  <component name="KafkaSettings">
    <option name="configs">
      <map>
        <entry key="Kafka@KafkaConnections@-3705934611419198198">
          <value>
            <KafkaClusterConfig />
          </value>
        </entry>
        <entry key="Kafka@KafkaConnections@-5775991027871017664">
          <value>
            <KafkaClusterConfig />
          </value>
        </entry>
        <entry key="Kafka@KafkaConnections@7767618233811958854">
          <value>
            <KafkaClusterConfig />
          </value>
        </entry>
      </map>
    </option>
    <option name="selectedConnectionId" value="Kafka@KafkaConnections@7767618233811958854" />
    <option name="showFullTopicConfig" value="true" />
  </component>
</application>