<application>
  <component name="LafManager">
    <lafs-to-previous-schemes>
      <laf-to-scheme laf="CUSTOM" scheme="Material Oceanic" />
      <laf-to-scheme laf="Darcula" scheme="_@user_Default" />
      <laf-to-scheme laf="ExperimentalDark" scheme="_@user_GitHub Dark (Material)" />
      <laf-to-scheme laf="Islands Dark" scheme="_@user_GitHub Dark (Material)" />
      <laf-to-scheme laf="LIGHT_CUSTOM" scheme="_@user_Material Lighter" />
    </lafs-to-previous-schemes>
  </component>
</application>