<application>
  <component name="ProjectManager">
    <defaultProject>
      <component name="AutoImportSettings">
        <option name="autoReloadType" value="SELECTIVE" />
      </component>
      <component name="Git.Settings">
        <option name="UPDATE_TYPE" value="REBASE" />
      </component>
      <component name="MaterialThemeProjectNewConfig">
        <option name="metadata">
          <MTProjectMetadataState>
            <option name="migrated" value="true" />
            <option name="pristineConfig" value="false" />
            <option name="userId" value="1be8ad6d:197f3ea31d4:-7ffb" />
          </MTProjectMetadataState>
        </option>
      </component>
      <component name="MavenImportPreferences">
        <option name="importingSettings">
          <MavenImportingSettings>
            <option name="downloadAnnotationsAutomatically" value="true" />
            <option name="downloadDocsAutomatically" value="true" />
            <option name="downloadSourcesAutomatically" value="true" />
          </MavenImportingSettings>
        </option>
      </component>
      <component name="PropertiesComponent"><![CDATA[{
  "keyToString": {
    "last_opened_file_path": "/home/Oodrivegroup/s.horri/Documents/idea-workspace/devops/loukoum",
    "settings.editor.selected.configurable": "configurable.group.appearance"
  }
}]]></component>
      <component name="TaskManager">
        <task active="true" id="Default" summary="Default task">
          <created>1752823617495</created>
          <option name="number" value="Default" />
          <option name="presentableId" value="Default" />
          <updated>1752823617495</updated>
        </task>
        <servers />
      </component>
      <component name="WindowStateProjectService">
        <state x="2668" y="210" key="FileChooserDialogImpl" timestamp="1756735882966">
          <screen x="1920" y="0" width="1920" height="1080" />
        </state>
        <state x="2668" y="210" key="FileChooserDialogImpl/0.0.1920.1080/1920.0.1920.1080" timestamp="1756735882966" />
        <state x="2400" y="100" key="SettingsEditor" timestamp="1756481951524">
          <screen x="1920" y="0" width="1920" height="1080" />
        </state>
        <state x="2400" y="100" key="SettingsEditor/0.0.1920.1080/1920.0.1920.1080" timestamp="1756481951524" />
      </component>
    </defaultProject>
  </component>
</application>