<application>
  <component name="ProjectManager">
    <defaultProject>
      <component name="AutoImportSettings">
        <option name="autoReloadType" value="SELECTIVE" />
      </component>
      <component name="MavenImportPreferences">
        <option name="importingSettings">
          <MavenImportingSettings>
            <option name="downloadAnnotationsAutomatically" value="true" />
            <option name="downloadDocsAutomatically" value="true" />
            <option name="downloadSourcesAutomatically" value="true" />
          </MavenImportingSettings>
        </option>
      </component>
      <component name="PropertiesComponent"><![CDATA[{
  "keyToString": {
    "settings.editor.selected.configurable": "configurable.group.appearance"
  }
}]]></component>
      <component name="WindowStateProjectService">
        <state x="2384" y="126" key="SettingsEditor" timestamp="1707647121998">
          <screen x="1920" y="0" width="1920" height="1080" />
        </state>
        <state x="2384" y="126" key="SettingsEditor/0.0.1920.1080/1920.0.1920.1080" timestamp="1707647121998" />
      </component>
    </defaultProject>
  </component>
</application>