<application>
  <component name="ProjectManager">
    <defaultProject>
      <component name="AutoImportSettings">
        <option name="autoReloadType" value="SELECTIVE" />
      </component>
      <component name="MavenImportPreferences">
        <option name="importingSettings">
          <MavenImportingSettings>
            <option name="downloadAnnotationsAutomatically" value="true" />
            <option name="downloadDocsAutomatically" value="true" />
            <option name="downloadSourcesAutomatically" value="true" />
          </MavenImportingSettings>
        </option>
      </component>
      <component name="PropertiesComponent">{
  &quot;keyToString&quot;: {
    &quot;settings.editor.selected.configurable&quot;: &quot;configurable.group.appearance&quot;
  }
}</component>
      <component name="WindowStateProjectService">
        <state x="2475" y="110" width="800" height="714" key="#Plugins" timestamp="1738417767933">
          <screen x="1920" y="0" width="1920" height="1080" />
        </state>
        <state x="2475" y="110" width="800" height="714" key="#Plugins/0.0.1920.1080/1920.0.1920.1080" timestamp="1738417767933" />
      </component>
    </defaultProject>
  </component>
</application>