<application>
  <component name="SonarLintGlobalSettings">
    <option name="nodejsPath" value="$USER_HOME$/.nvm/versions/node/v24.8.0/bin/node" />
    <option name="promotionDisabled" value="true" />
    <option name="rulesByKey">
      <map>
        <entry key="java:S2479">
          <value>
            <Rule active="false" key="java:S2479" />
          </value>
        </entry>
      </map>
    </option>
    <option name="sonarQubeServers">
      <list>
        <SonarQubeServer>
          <option name="hostUrl" value="https://sonar.oodev.io" />
          <option name="name" value="https://sonar.oodev.io" />
        </SonarQubeServer>
      </list>
    </option>
    <rules>
      <Rule active="false" key="java:S2479" />
    </rules>
  </component>
</application>