<application>
  <component name="BlockTerminalUsage">
    <option name="blockTerminalUsedLastTimeMillis" value="1746600750596" />
    <option name="blockTerminalUsedLastVersion" value="251.23774.435" />
    <option name="feedbackNotificationShown" value="true" />
    <shellToExecutedCommandsNumber>
      <entry key="bash" value="4443" />
    </shellToExecutedCommandsNumber>
  </component>
  <component name="ReworkedTerminalUsage">{}</component>
  <component name="TerminalOptionsProvider">
    <option name="terminalEngine" value="NEW_TERMINAL" />
  </component>
  <component name="TextToCommandPromptsHistory">
    <option name="history">
      <option value="sdk env init" />
      <option value="sdk env install" />
    </option>
  </component>
</application>