<application>
  <component name="Trusted.Paths">
    <option name="TRUSTED_PROJECT_PATHS">
      <map>
        <entry key="$USER_HOME$/Documents/idea-workspace/cita-backend-app" value="true" />
        <entry key="$USER_HOME$/Documents/idea-workspace/cita-frontend-app" value="true" />
        <entry key="$USER_HOME$/Documents/idea-workspace/completable-future-demo" value="true" />
        <entry key="$USER_HOME$/Documents/idea-workspace/delivery-kata" value="true" />
        <entry key="$USER_HOME$/Documents/idea-workspace/emergency-management" value="true" />
        <entry key="$USER_HOME$/Documents/idea-workspace/jwt-symetric-encryption" value="true" />
        <entry key="$USER_HOME$/Documents/idea-workspace/movom/movom-backend" value="true" />
        <entry key="$USER_HOME$/Documents/idea-workspace/oauth2-grant-types" value="true" />
        <entry key="$USER_HOME$/Documents/idea-workspace/playing-quarkus-microprofile-oidc" value="true" />
        <entry key="$USER_HOME$/Documents/idea-workspace/quarkus-demo" value="true" />
        <entry key="$USER_HOME$/Documents/idea-workspace/sahab/mvp-team/ai-ems/ai-ems-solution" value="true" />
        <entry key="$USER_HOME$/Documents/idea-workspace/sahab/mvp-team/ai-ems/ai-ems-solution/backend/reporting-center" value="true" />
        <entry key="$USER_HOME$/Documents/idea-workspace/sahab/mvp-team/ai-ins/ai-ins-solution" value="true" />
        <entry key="$USER_HOME$/Documents/idea-workspace/sahab/mvp-team/scheduler/scheduler-solution" value="true" />
        <entry key="$USER_HOME$/Documents/idea-workspace/sahab/mvp-team/scheduler/scheduler-solution/backend/employee-manager-ms" value="true" />
        <entry key="$USER_HOME$/Documents/idea-workspace/sahab/mvp-team/scheduler/scheduler-solution/backend/location-manager-ms" value="true" />
        <entry key="$USER_HOME$/Documents/idea-workspace/sahab/mvp-team/scheduler/scheduler-solution/backend/notification-manager-ms" value="true" />
        <entry key="$USER_HOME$/Documents/idea-workspace/sahab/mvp-team/scheduler/scheduler-solution/backend/scheduler-ms" value="true" />
      </map>
    </option>
  </component>
  <component name="Trusted.Paths.Settings">
    <option name="TRUSTED_PATHS">
      <list>
        <option value="$USER_HOME$/Documents/idea-workspace" />
      </list>
    </option>
  </component>
</application>