<application>
  <component name="DimensionService">
    <location key="REMOTE_DEVELOPMENT_CONNECTION.1920.0.1920.1080" x="2475" y="200" />
    <location key="find.popup.1920.0.1920.1080@72dpi" x="2679" y="135" />
    <location key="find.popup.1920.0.1920.1080" x="2347" y="86" />
    <location key="find.popup.0.0.1920.1080" x="503" y="115" />
    <size key="GridCell.Tab.0.left.1920.0.1920.1080" width="1854" height="452" />
    <size key="GridCell.Tab.0.center.1920.0.1920.1080" width="1854" height="452" />
    <size key="GridCell.Tab.0.right.1920.0.1920.1080" width="1854" height="452" />
    <size key="GridCell.Tab.0.bottom.1920.0.1920.1080" width="1854" height="452" />
    <size key="GridCell.Tab.1.left.1920.0.1920.1080" width="1854" height="452" />
    <size key="GridCell.Tab.1.center.1920.0.1920.1080" width="1854" height="452" />
    <size key="GridCell.Tab.1.right.1920.0.1920.1080" width="1854" height="452" />
    <size key="GridCell.Tab.1.bottom.1920.0.1920.1080" width="1854" height="452" />
    <size key="REMOTE_DEVELOPMENT_CONNECTION.1920.0.1920.1080" width="800" height="678" />
    <size key="GridCell.Tab.0.left.1920.0.1920.1080@72dpi" width="1870" height="496" />
    <size key="GridCell.Tab.0.center.1920.0.1920.1080@72dpi" width="1870" height="496" />
    <size key="GridCell.Tab.0.right.1920.0.1920.1080@72dpi" width="1870" height="496" />
    <size key="GridCell.Tab.0.bottom.1920.0.1920.1080@72dpi" width="1870" height="496" />
    <size key="GridCell.Tab.1.left.1920.0.1920.1080@72dpi" width="1870" height="496" />
    <size key="GridCell.Tab.1.center.1920.0.1920.1080@72dpi" width="1870" height="496" />
    <size key="GridCell.Tab.1.right.1920.0.1920.1080@72dpi" width="1870" height="496" />
    <size key="GridCell.Tab.1.bottom.1920.0.1920.1080@72dpi" width="1870" height="496" />
    <size key="GridCell.Tab.2.left.1920.0.1920.1080@72dpi" width="1870" height="496" />
    <size key="GridCell.Tab.2.center.1920.0.1920.1080@72dpi" width="1870" height="496" />
    <size key="GridCell.Tab.2.right.1920.0.1920.1080@72dpi" width="1870" height="496" />
    <size key="GridCell.Tab.2.bottom.1920.0.1920.1080@72dpi" width="1870" height="496" />
    <size key="find.popup.1920.0.1920.1080@72dpi" width="513" height="618" />
    <size key="find.popup.1920.0.1920.1080" width="1134" height="750" />
    <size key="GridCell.Tab.2.left.1920.0.1920.1080" width="1854" height="452" />
    <size key="GridCell.Tab.2.center.1920.0.1920.1080" width="1854" height="452" />
    <size key="GridCell.Tab.2.right.1920.0.1920.1080" width="1854" height="452" />
    <size key="GridCell.Tab.2.bottom.1920.0.1920.1080" width="1854" height="452" />
    <size key="GridCell.Tab.0.right.0.0.1920.1080" width="1854" height="452" />
    <size key="GridCell.Tab.0.left.0.0.1920.1080" width="1854" height="452" />
    <size key="GridCell.Tab.0.center.0.0.1920.1080" width="1854" height="452" />
    <size key="GridCell.Tab.0.bottom.0.0.1920.1080" width="1854" height="452" />
    <size key="GridCell.Tab.1.left.0.0.1920.1080" width="1854" height="452" />
    <size key="GridCell.Tab.1.center.0.0.1920.1080" width="1854" height="452" />
    <size key="GridCell.Tab.1.right.0.0.1920.1080" width="1854" height="452" />
    <size key="GridCell.Tab.1.bottom.0.0.1920.1080" width="1854" height="452" />
    <size key="GridCell.Tab.2.left.0.0.1920.1080" width="1854" height="452" />
    <size key="GridCell.Tab.2.center.0.0.1920.1080" width="1854" height="452" />
    <size key="GridCell.Tab.2.right.0.0.1920.1080" width="1854" height="452" />
    <size key="GridCell.Tab.2.bottom.0.0.1920.1080" width="1854" height="452" />
    <size key="GridCell.Tab.-1.left.1920.0.1920.1080" width="1854" height="441" />
    <size key="GridCell.Tab.-1.center.1920.0.1920.1080" width="1854" height="441" />
    <size key="GridCell.Tab.-1.right.1920.0.1920.1080" width="1854" height="441" />
    <size key="GridCell.Tab.-1.bottom.1920.0.1920.1080" width="1854" height="441" />
    <size key="GridCell.Tab.3.left.1920.0.1920.1080" width="1854" height="452" />
    <size key="GridCell.Tab.3.center.1920.0.1920.1080" width="1854" height="452" />
    <size key="GridCell.Tab.3.right.1920.0.1920.1080" width="1854" height="452" />
    <size key="GridCell.Tab.3.bottom.1920.0.1920.1080" width="1854" height="452" />
    <size key="GridCell.Tab.4.left.1920.0.1920.1080" width="1854" height="452" />
    <size key="GridCell.Tab.4.center.1920.0.1920.1080" width="1854" height="452" />
    <size key="GridCell.Tab.4.right.1920.0.1920.1080" width="1854" height="452" />
    <size key="GridCell.Tab.4.bottom.1920.0.1920.1080" width="1854" height="452" />
    <size key="GridCell.Tab.5.left.1920.0.1920.1080" width="1854" height="452" />
    <size key="GridCell.Tab.5.center.1920.0.1920.1080" width="1854" height="452" />
    <size key="GridCell.Tab.5.right.1920.0.1920.1080" width="1854" height="452" />
    <size key="GridCell.Tab.5.bottom.1920.0.1920.1080" width="1854" height="452" />
    <size key="GridCell.Tab.3.left.0.0.1920.1080" width="1854" height="452" />
    <size key="GridCell.Tab.3.center.0.0.1920.1080" width="1854" height="452" />
    <size key="GridCell.Tab.3.right.0.0.1920.1080" width="1854" height="452" />
    <size key="GridCell.Tab.3.bottom.0.0.1920.1080" width="1854" height="452" />
    <size key="GridCell.Tab.4.left.0.0.1920.1080" width="1854" height="452" />
    <size key="GridCell.Tab.4.center.0.0.1920.1080" width="1854" height="452" />
    <size key="GridCell.Tab.4.right.0.0.1920.1080" width="1854" height="452" />
    <size key="GridCell.Tab.4.bottom.0.0.1920.1080" width="1854" height="452" />
    <size key="GridCell.Tab.5.left.0.0.1920.1080" width="1854" height="452" />
    <size key="GridCell.Tab.5.center.0.0.1920.1080" width="1854" height="452" />
    <size key="GridCell.Tab.5.right.0.0.1920.1080" width="1854" height="452" />
    <size key="GridCell.Tab.5.bottom.0.0.1920.1080" width="1854" height="452" />
    <size key="find.popup.0.0.1920.1080" width="889" height="687" />
  </component>
  <component name="WindowManager">
    <frame x="1920" y="0" width="1920" height="1080" extendedState="6" />
  </component>
  <component name="WindowStateApplicationService">
    <state x="2603" y="224" key="FileChooserDialogImpl" timestamp="1740148560650">
      <screen x="1920" y="0" width="1920" height="1080" />
    </state>
    <state x="2603" y="224" key="FileChooserDialogImpl/0.0.1920.1080/1920.0.1920.1080" timestamp="1740148560650" />
    <state x="2590" y="0" width="600" height="331" key="RegExHelpPopup" timestamp="1735410549572">
      <screen x="1920" y="0" width="1920" height="1080" />
    </state>
    <state x="2590" y="0" width="600" height="331" key="RegExHelpPopup/0.0.1920.1080/1920.0.1920.1080" timestamp="1735410549572" />
    <state width="959" height="109" key="ShowUsagesActions.dimensionServiceKey" timestamp="1740226929137">
      <screen x="0" y="0" width="1920" height="1080" />
    </state>
    <state width="765" height="93" key="ShowUsagesActions.dimensionServiceKey/0.0.1920.1080" timestamp="1739963520477" />
    <state width="959" height="109" key="ShowUsagesActions.dimensionServiceKey/0.0.1920.1080/1920.0.1920.1080" timestamp="1740226929137" />
    <state x="2880" y="468" width="800" height="650" key="WELCOME_SCREEN" timestamp="1740646429698">
      <screen x="1920" y="0" width="1920" height="1080" />
    </state>
    <state x="960" y="468" width="800" height="650" key="WELCOME_SCREEN/0.0.1920.1080" timestamp="1740488118863" />
    <state x="2880" y="468" width="800" height="650" key="WELCOME_SCREEN/0.0.1920.1080/1920.0.1920.1080" timestamp="1740646429698" />
  </component>
</application>