<application>
  <component name="DimensionService">
    <location key="REMOTE_DEVELOPMENT_CONNECTION.1920.0.1920.1080" x="2475" y="200" />
    <location key="find.popup.1920.0.1920.1080@72dpi" x="2679" y="135" />
    <location key="find.popup.1920.0.1920.1080" x="2490" y="111" />
    <location key="find.popup.0.0.1920.1080" x="499" y="126" />
    <size key="GridCell.Tab.0.left.1920.0.1920.1080" width="1854" height="364" />
    <size key="GridCell.Tab.0.center.1920.0.1920.1080" width="1854" height="364" />
    <size key="GridCell.Tab.0.right.1920.0.1920.1080" width="1854" height="364" />
    <size key="GridCell.Tab.0.bottom.1920.0.1920.1080" width="1854" height="364" />
    <size key="GridCell.Tab.1.left.1920.0.1920.1080" width="1854" height="369" />
    <size key="GridCell.Tab.1.center.1920.0.1920.1080" width="1854" height="369" />
    <size key="GridCell.Tab.1.right.1920.0.1920.1080" width="1854" height="369" />
    <size key="GridCell.Tab.1.bottom.1920.0.1920.1080" width="1854" height="369" />
    <size key="REMOTE_DEVELOPMENT_CONNECTION.1920.0.1920.1080" width="800" height="687" />
    <size key="GridCell.Tab.0.left.1920.0.1920.1080@72dpi" width="1870" height="496" />
    <size key="GridCell.Tab.0.center.1920.0.1920.1080@72dpi" width="1870" height="496" />
    <size key="GridCell.Tab.0.right.1920.0.1920.1080@72dpi" width="1870" height="496" />
    <size key="GridCell.Tab.0.bottom.1920.0.1920.1080@72dpi" width="1870" height="496" />
    <size key="GridCell.Tab.1.left.1920.0.1920.1080@72dpi" width="1870" height="496" />
    <size key="GridCell.Tab.1.center.1920.0.1920.1080@72dpi" width="1870" height="496" />
    <size key="GridCell.Tab.1.right.1920.0.1920.1080@72dpi" width="1870" height="496" />
    <size key="GridCell.Tab.1.bottom.1920.0.1920.1080@72dpi" width="1870" height="496" />
    <size key="GridCell.Tab.2.left.1920.0.1920.1080@72dpi" width="1870" height="496" />
    <size key="GridCell.Tab.2.center.1920.0.1920.1080@72dpi" width="1870" height="496" />
    <size key="GridCell.Tab.2.right.1920.0.1920.1080@72dpi" width="1870" height="496" />
    <size key="GridCell.Tab.2.bottom.1920.0.1920.1080@72dpi" width="1870" height="496" />
    <size key="find.popup.1920.0.1920.1080@72dpi" width="513" height="618" />
    <size key="find.popup.1920.0.1920.1080" width="845" height="624" />
    <size key="GridCell.Tab.2.left.1920.0.1920.1080" width="1854" height="369" />
    <size key="GridCell.Tab.2.center.1920.0.1920.1080" width="1854" height="369" />
    <size key="GridCell.Tab.2.right.1920.0.1920.1080" width="1854" height="369" />
    <size key="GridCell.Tab.2.bottom.1920.0.1920.1080" width="1854" height="369" />
    <size key="GridCell.Tab.0.right.0.0.1920.1080" width="1854" height="344" />
    <size key="GridCell.Tab.0.left.0.0.1920.1080" width="1854" height="344" />
    <size key="GridCell.Tab.0.center.0.0.1920.1080" width="1854" height="344" />
    <size key="GridCell.Tab.0.bottom.0.0.1920.1080" width="1854" height="344" />
    <size key="GridCell.Tab.1.left.0.0.1920.1080" width="1854" height="396" />
    <size key="GridCell.Tab.1.center.0.0.1920.1080" width="1854" height="396" />
    <size key="GridCell.Tab.1.right.0.0.1920.1080" width="1854" height="396" />
    <size key="GridCell.Tab.1.bottom.0.0.1920.1080" width="1854" height="396" />
    <size key="GridCell.Tab.2.left.0.0.1920.1080" width="1854" height="396" />
    <size key="GridCell.Tab.2.center.0.0.1920.1080" width="1854" height="396" />
    <size key="GridCell.Tab.2.right.0.0.1920.1080" width="1854" height="396" />
    <size key="GridCell.Tab.2.bottom.0.0.1920.1080" width="1854" height="396" />
    <size key="GridCell.Tab.-1.left.1920.0.1920.1080" width="1854" height="441" />
    <size key="GridCell.Tab.-1.center.1920.0.1920.1080" width="1854" height="441" />
    <size key="GridCell.Tab.-1.right.1920.0.1920.1080" width="1854" height="441" />
    <size key="GridCell.Tab.-1.bottom.1920.0.1920.1080" width="1854" height="441" />
    <size key="GridCell.Tab.3.left.1920.0.1920.1080" width="1854" height="369" />
    <size key="GridCell.Tab.3.center.1920.0.1920.1080" width="1854" height="369" />
    <size key="GridCell.Tab.3.right.1920.0.1920.1080" width="1854" height="369" />
    <size key="GridCell.Tab.3.bottom.1920.0.1920.1080" width="1854" height="369" />
    <size key="GridCell.Tab.4.left.1920.0.1920.1080" width="1854" height="369" />
    <size key="GridCell.Tab.4.center.1920.0.1920.1080" width="1854" height="369" />
    <size key="GridCell.Tab.4.right.1920.0.1920.1080" width="1854" height="369" />
    <size key="GridCell.Tab.4.bottom.1920.0.1920.1080" width="1854" height="369" />
    <size key="GridCell.Tab.5.left.1920.0.1920.1080" width="1854" height="369" />
    <size key="GridCell.Tab.5.center.1920.0.1920.1080" width="1854" height="369" />
    <size key="GridCell.Tab.5.right.1920.0.1920.1080" width="1854" height="369" />
    <size key="GridCell.Tab.5.bottom.1920.0.1920.1080" width="1854" height="369" />
    <size key="GridCell.Tab.3.left.0.0.1920.1080" width="1854" height="396" />
    <size key="GridCell.Tab.3.center.0.0.1920.1080" width="1854" height="396" />
    <size key="GridCell.Tab.3.right.0.0.1920.1080" width="1854" height="396" />
    <size key="GridCell.Tab.3.bottom.0.0.1920.1080" width="1854" height="396" />
    <size key="GridCell.Tab.4.left.0.0.1920.1080" width="1854" height="396" />
    <size key="GridCell.Tab.4.center.0.0.1920.1080" width="1854" height="396" />
    <size key="GridCell.Tab.4.right.0.0.1920.1080" width="1854" height="396" />
    <size key="GridCell.Tab.4.bottom.0.0.1920.1080" width="1854" height="396" />
    <size key="GridCell.Tab.5.left.0.0.1920.1080" width="1854" height="396" />
    <size key="GridCell.Tab.5.center.0.0.1920.1080" width="1854" height="396" />
    <size key="GridCell.Tab.5.right.0.0.1920.1080" width="1854" height="396" />
    <size key="GridCell.Tab.5.bottom.0.0.1920.1080" width="1854" height="396" />
    <size key="find.popup.0.0.1920.1080" width="851" height="627" />
  </component>
  <component name="WindowManager">
    <frame x="1920" y="0" width="1920" height="1080" extendedState="6" />
  </component>
  <component name="WindowStateApplicationService">
    <state x="660" y="242" key="FileChooserDialogImpl" timestamp="1764053532203">
      <screen x="0" y="27" width="1920" height="1053" />
    </state>
    <state x="2580" y="221" key="FileChooserDialogImpl/0.0.1920.1080/1920.0.1920.1080" timestamp="1760966796347" />
    <state x="660" y="242" key="FileChooserDialogImpl/0.27.1920.1053" timestamp="1764053532202" />
    <state width="1044" height="743" key="ShowUsagesActions.dimensionServiceKey" timestamp="1763546564989">
      <screen x="0" y="0" width="1920" height="1080" />
    </state>
    <state width="1044" height="743" key="ShowUsagesActions.dimensionServiceKey/0.0.1920.1080/1920.0.1920.1080" timestamp="1763546564989" />
    <state width="823" height="99" key="ShowUsagesActions.dimensionServiceKey/0.27.1920.1053" timestamp="1762932168907" />
    <state x="2880" y="470" width="810" height="664" key="WELCOME_SCREEN" timestamp="1764081787930">
      <screen x="1920" y="0" width="1920" height="1080" />
    </state>
    <state x="2581" y="390" width="810" height="661" key="WELCOME_SCREEN/0.0.1920.1080/1920.0.1360.768" timestamp="1757249192353" />
    <state x="2880" y="470" width="810" height="664" key="WELCOME_SCREEN/0.0.1920.1080/1920.0.1920.1080" timestamp="1764081787930" />
    <state x="960" y="486" width="810" height="650" key="WELCOME_SCREEN/0.27.1920.1053" timestamp="1764061574345" />
    <state width="300" height="534" key="manage.recent.projects.popup" timestamp="1758100062121">
      <screen x="0" y="0" width="1920" height="1080" />
    </state>
    <state width="300" height="534" key="manage.recent.projects.popup/0.0.1920.1080/1920.0.1920.1080" timestamp="1758100062121" />
  </component>
</application>