<application>
  <component name="DimensionService">
    <location key="REMOTE_DEVELOPMENT_CONNECTION.1920.0.1920.1080" x="2475" y="200" />
    <location key="find.popup.1920.0.1920.1080@72dpi" x="2679" y="135" />
    <location key="find.popup.1920.0.1920.1080" x="2465" y="112" />
    <size key="GridCell.Tab.0.left.1920.0.1920.1080" width="1854" height="417" />
    <size key="GridCell.Tab.0.center.1920.0.1920.1080" width="1854" height="417" />
    <size key="GridCell.Tab.0.right.1920.0.1920.1080" width="1854" height="417" />
    <size key="GridCell.Tab.0.bottom.1920.0.1920.1080" width="1854" height="417" />
    <size key="GridCell.Tab.1.left.1920.0.1920.1080" width="1854" height="417" />
    <size key="GridCell.Tab.1.center.1920.0.1920.1080" width="1854" height="417" />
    <size key="GridCell.Tab.1.right.1920.0.1920.1080" width="1854" height="417" />
    <size key="GridCell.Tab.1.bottom.1920.0.1920.1080" width="1854" height="417" />
    <size key="REMOTE_DEVELOPMENT_CONNECTION.1920.0.1920.1080" width="800" height="678" />
    <size key="GridCell.Tab.0.left.1920.0.1920.1080@72dpi" width="1870" height="496" />
    <size key="GridCell.Tab.0.center.1920.0.1920.1080@72dpi" width="1870" height="496" />
    <size key="GridCell.Tab.0.right.1920.0.1920.1080@72dpi" width="1870" height="496" />
    <size key="GridCell.Tab.0.bottom.1920.0.1920.1080@72dpi" width="1870" height="496" />
    <size key="GridCell.Tab.1.left.1920.0.1920.1080@72dpi" width="1870" height="496" />
    <size key="GridCell.Tab.1.center.1920.0.1920.1080@72dpi" width="1870" height="496" />
    <size key="GridCell.Tab.1.right.1920.0.1920.1080@72dpi" width="1870" height="496" />
    <size key="GridCell.Tab.1.bottom.1920.0.1920.1080@72dpi" width="1870" height="496" />
    <size key="GridCell.Tab.2.left.1920.0.1920.1080@72dpi" width="1870" height="496" />
    <size key="GridCell.Tab.2.center.1920.0.1920.1080@72dpi" width="1870" height="496" />
    <size key="GridCell.Tab.2.right.1920.0.1920.1080@72dpi" width="1870" height="496" />
    <size key="GridCell.Tab.2.bottom.1920.0.1920.1080@72dpi" width="1870" height="496" />
    <size key="find.popup.1920.0.1920.1080@72dpi" width="513" height="618" />
    <size key="find.popup.1920.0.1920.1080" width="862" height="613" />
    <size key="GridCell.Tab.2.left.1920.0.1920.1080" width="1854" height="417" />
    <size key="GridCell.Tab.2.center.1920.0.1920.1080" width="1854" height="417" />
    <size key="GridCell.Tab.2.right.1920.0.1920.1080" width="1854" height="417" />
    <size key="GridCell.Tab.2.bottom.1920.0.1920.1080" width="1854" height="417" />
    <size key="GridCell.Tab.0.right.0.0.1920.1080" width="1461" height="441" />
    <size key="GridCell.Tab.0.left.0.0.1920.1080" width="1461" height="441" />
    <size key="GridCell.Tab.0.center.0.0.1920.1080" width="1461" height="441" />
    <size key="GridCell.Tab.0.bottom.0.0.1920.1080" width="1461" height="441" />
    <size key="GridCell.Tab.1.left.0.0.1920.1080" width="1854" height="441" />
    <size key="GridCell.Tab.1.center.0.0.1920.1080" width="1854" height="441" />
    <size key="GridCell.Tab.1.right.0.0.1920.1080" width="1854" height="441" />
    <size key="GridCell.Tab.1.bottom.0.0.1920.1080" width="1854" height="441" />
    <size key="GridCell.Tab.2.left.0.0.1920.1080" width="1854" height="441" />
    <size key="GridCell.Tab.2.center.0.0.1920.1080" width="1854" height="441" />
    <size key="GridCell.Tab.2.right.0.0.1920.1080" width="1854" height="441" />
    <size key="GridCell.Tab.2.bottom.0.0.1920.1080" width="1854" height="441" />
    <size key="GridCell.Tab.-1.left.1920.0.1920.1080" width="1854" height="441" />
    <size key="GridCell.Tab.-1.center.1920.0.1920.1080" width="1854" height="441" />
    <size key="GridCell.Tab.-1.right.1920.0.1920.1080" width="1854" height="441" />
    <size key="GridCell.Tab.-1.bottom.1920.0.1920.1080" width="1854" height="441" />
    <size key="GridCell.Tab.3.left.1920.0.1920.1080" width="1854" height="417" />
    <size key="GridCell.Tab.3.center.1920.0.1920.1080" width="1854" height="417" />
    <size key="GridCell.Tab.3.right.1920.0.1920.1080" width="1854" height="417" />
    <size key="GridCell.Tab.3.bottom.1920.0.1920.1080" width="1854" height="417" />
    <size key="GridCell.Tab.4.left.1920.0.1920.1080" width="1854" height="417" />
    <size key="GridCell.Tab.4.center.1920.0.1920.1080" width="1854" height="417" />
    <size key="GridCell.Tab.4.right.1920.0.1920.1080" width="1854" height="417" />
    <size key="GridCell.Tab.4.bottom.1920.0.1920.1080" width="1854" height="417" />
    <size key="GridCell.Tab.5.left.1920.0.1920.1080" width="1854" height="417" />
    <size key="GridCell.Tab.5.center.1920.0.1920.1080" width="1854" height="417" />
    <size key="GridCell.Tab.5.right.1920.0.1920.1080" width="1854" height="417" />
    <size key="GridCell.Tab.5.bottom.1920.0.1920.1080" width="1854" height="417" />
  </component>
  <component name="WindowManager">
    <frame x="1920" y="0" width="1920" height="1080" extendedState="6" />
  </component>
  <component name="WindowStateApplicationService">
    <state x="2640" y="246" width="692" height="510" key="FileChooserDialogImpl" timestamp="1729537788045">
      <screen x="1920" y="0" width="1920" height="1080" />
    </state>
    <state x="2640" y="246" width="692" height="510" key="FileChooserDialogImpl/0.0.1920.1080/1920.0.1920.1080" timestamp="1729537788045" />
    <state width="735" height="93" key="ShowUsagesActions.dimensionServiceKey" timestamp="1731580999559">
      <screen x="0" y="0" width="1920" height="1080" />
    </state>
    <state width="662" height="181" key="ShowUsagesActions.dimensionServiceKey/0.0.1920.1080" timestamp="1730280216818" />
    <state width="735" height="93" key="ShowUsagesActions.dimensionServiceKey/0.0.1920.1080/1920.0.1920.1080" timestamp="1731580999559" />
    <state x="2880" y="468" width="800" height="650" key="WELCOME_SCREEN" timestamp="1731958272767">
      <screen x="1920" y="0" width="1920" height="1080" />
    </state>
    <state x="960" y="468" width="800" height="650" key="WELCOME_SCREEN/0.0.1920.1080" timestamp="1731485865236" />
    <state x="2880" y="468" width="800" height="650" key="WELCOME_SCREEN/0.0.1920.1080/1920.0.1920.1080" timestamp="1731958272767" />
  </component>
</application>