<keymap version="1" name="Eclipse (macOS) copy" parent="Eclipse (Mac OS X)">
  <action id="$Redo">
    <keyboard-shortcut first-keystroke="shift meta z" />
    <keyboard-shortcut first-keystroke="meta y" />
  </action>
  <action id="ActivateTerminalToolWindow">
    <keyboard-shortcut first-keystroke="alt f12" />
    <keyboard-shortcut first-keystroke="shift alt t" />
  </action>
  <action id="CodeCompletion">
    <keyboard-shortcut first-keystroke="meta space" />
  </action>
  <action id="Editor Redo">
    <keyboard-shortcut first-keystroke="meta y" />
  </action>
  <action id="EditorDuplicateLines">
    <keyboard-shortcut first-keystroke="meta alt down" />
    <keyboard-shortcut first-keystroke="meta alt up" />
  </action>
  <action id="EditorScrollDown">
    <keyboard-shortcut first-keystroke="meta down" />
  </action>
  <action id="EditorScrollUp">
    <keyboard-shortcut first-keystroke="meta up" />
  </action>
  <action id="FileChooserList.LevelUp" />
  <action id="Find">
    <keyboard-shortcut first-keystroke="meta f" />
  </action>
  <action id="FindInPath">
    <keyboard-shortcut first-keystroke="ctrl meta f" />
  </action>
  <action id="Generate">
    <keyboard-shortcut first-keystroke="meta n" />
    <keyboard-shortcut first-keystroke="ctrl enter" />
    <keyboard-shortcut first-keystroke="alt help" />
  </action>
  <action id="RenameElement">
    <keyboard-shortcut first-keystroke="shift f6" />
    <keyboard-shortcut first-keystroke="shift alt r" />
  </action>
  <action id="RenameFile">
    <keyboard-shortcut first-keystroke="shift alt r" />
  </action>
  <action id="RerunTests">
    <keyboard-shortcut first-keystroke="ctrl meta r" />
  </action>
  <action id="Run">
    <keyboard-shortcut first-keystroke="shift meta f11" />
    <keyboard-shortcut first-keystroke="meta f11" />
  </action>
  <action id="RunToolbarRerunAction">
    <keyboard-shortcut first-keystroke="meta f11" />
  </action>
  <action id="SearchEverywhere.NavigateToNextGroup">
    <keyboard-shortcut first-keystroke="page_down" />
  </action>
  <action id="SearchEverywhere.NavigateToPrevGroup">
    <keyboard-shortcut first-keystroke="page_up" />
  </action>
  <action id="ShowIntentionActions">
    <keyboard-shortcut first-keystroke="meta 1" />
    <keyboard-shortcut first-keystroke="meta numpad1" />
  </action>
  <action id="ToggleFullScreen" />
</keymap>