<code_scheme name="Default" version="173">
  <codeStyleSettings language="JAVA">
    <option name="BLANK_LINES_AFTER_CLASS_HEADER" value="1" />
    <option name="BLANK_LINES_BEFORE_CLASS_END" value="1" />
    <option name="ELSE_ON_NEW_LINE" value="true" />
    <option name="CATCH_ON_NEW_LINE" value="true" />
    <option name="FINALLY_ON_NEW_LINE" value="true" />
    <indentOptions>
      <option name="USE_TAB_CHARACTER" value="true" />
      <option name="KEEP_INDENTS_ON_EMPTY_LINES" value="true" />
    </indentOptions>
  </codeStyleSettings>
</code_scheme>