<application>
  <component name="ProjectManager">
    <defaultProject>
      <component name="PropertiesComponent"><![CDATA[{
  "keyToString": {
    "project.structure.last.edited": "SDK Location",
    "project.structure.proportion": "0.17",
    "project.structure.side.proportion": "0.0",
    "settings.editor.selected.configurable": "configurable.group.build"
  }
}]]></component>
      <component name="WindowStateProjectService">
        <state x="2560" y="204" key="SettingsEditor" timestamp="1699105447717">
          <screen x="1920" y="0" width="1920" height="1080" />
        </state>
        <state x="2560" y="204" key="SettingsEditor/0.0.1920.1080/1920.0.1920.1080" timestamp="1699105447717" />
      </component>
    </defaultProject>
  </component>
</application>