<application>
  <component name="MavenWrapperMapping">
    <option name="mapping">
      <map>
        <entry key="https://repo.maven.apache.org/maven2/org/apache/maven/apache-maven/3.8.4/apache-maven-3.8.4-bin.zip" value="$USER_HOME$/.m2/wrapper/dists/apache-maven-3.8.4-bin/52ccbt68d252mdldqsfsn03jlf/apache-maven-3.8.4" />
        <entry key="https://repo.maven.apache.org/maven2/org/apache/maven/apache-maven/3.8.7/apache-maven-3.8.7-bin.zip" value="$USER_HOME$/.m2/wrapper/dists/apache-maven-3.8.7-bin/1ktonn2lleg549uah6ngl1r74r/apache-maven-3.8.7" />
        <entry key="https://repo.maven.apache.org/maven2/org/apache/maven/apache-maven/3.9.5/apache-maven-3.9.5-bin.zip" value="$USER_HOME$/.m2/wrapper/dists/apache-maven-3.9.5-bin/2adeog8mj13csp1uusqnc1f2mo/apache-maven-3.9.5" />
        <entry key="https://repo.maven.apache.org/maven2/org/apache/maven/apache-maven/3.9.6/apache-maven-3.9.6-bin.zip" value="$USER_HOME$/.m2/wrapper/dists/apache-maven-3.9.6-bin/439sdfsg2nbdob9ciift5h5nse/apache-maven-3.9.6" />
        <entry key="https://repo.maven.apache.org/maven2/org/apache/maven/apache-maven/3.9.7/apache-maven-3.9.7-bin.zip" value="$USER_HOME$/.m2/wrapper/dists/apache-maven-3.9.7-bin/3k9n615lchs6mp84v355m633uo/apache-maven-3.9.7" />
        <entry key="https://repo.maven.apache.org/maven2/org/apache/maven/apache-maven/3.9.9/apache-maven-3.9.9-bin.zip" value="$USER_HOME$/.m2/wrapper/dists/apache-maven-3.9.9-bin/4nf9hui3q3djbarqar9g711ggc/apache-maven-3.9.9" />
      </map>
    </option>
  </component>
</application>